1,1,0.61,675.52,50.94,207.58,0.7037,-1,-1,-1
1,2,1370.39,514.35,33.77,100.00,0.6447,-1,-1,-1
1,3,1609.11,558.15,56.10,115.71,0.6023,-1,-1,-1
1,4,1526.19,561.34,46.58,112.37,0.4233,-1,-1,-1
1,5,121.73,708.25,52.92,96.51,0.4100,-1,-1,-1
1,6,500.83,551.07,35.87,89.52,0.3594,-1,-1,-1
2,1,-0.79,660.81,41.43,212.98,0.6570,-1,-1,-1
2,2,1372.53,513.44,33.56,101.18,0.6425,-1,-1,-1
2,3,1615.36,550.51,60.10,123.59,0.6602,-1,-1,-1
2,4,1531.88,558.97,48.23,115.39,0.5625,-1,-1,-1
2,5,109.43,699.19,50.61,95.81,0.5526,-1,-1,-1
2,6,500.16,536.21,38.59,94.58,0.3221,-1,-1,-1
3,1,-0.90,691.96,35.66,211.58,0.6504,-1,-1,-1
3,2,1374.10,508.47,37.35,105.51,0.5891,-1,-1,-1
3,3,1620.45,547.23,63.33,121.22,0.6539,-1,-1,-1
3,4,1537.84,552.56,49.66,117.67,0.6498,-1,-1,-1
3,5,105.37,724.54,45.90,97.02,0.5264,-1,-1,-1
3,6,499.51,550.96,37.96,92.96,0.3648,-1,-1,-1
3,8,171.45,583.27,49.23,157.85,0.4275,-1,-1,-1
4,1,-0.86,702.67,24.46,170.17,0.3936,-1,-1,-1
4,2,1379.93,506.14,36.62,108.88,0.7124,-1,-1,-1
4,3,1629.81,547.69,63.11,125.43,0.7595,-1,-1,-1
4,4,1548.70,552.51,44.61,120.83,0.6529,-1,-1,-1
4,5,92.97,722.71,43.54,100.53,0.5896,-1,-1,-1
4,6,498.71,547.25,36.83,93.78,0.4333,-1,-1,-1
4,8,168.40,584.21,48.01,154.89,0.2017,-1,-1,-1
5,2,1384.62,515.00,34.38,110.74,0.7115,-1,-1,-1
5,3,1636.23,563.40,62.22,124.03,0.6361,-1,-1,-1
5,4,1551.11,561.80,49.38,121.99,0.3998,-1,-1,-1
5,5,78.05,715.45,43.81,103.25,0.5019,-1,-1,-1
5,6,496.40,540.50,34.20,96.30,0.4487,-1,-1,-1
5,8,152.10,572.11,52.44,160.44,0.2417,-1,-1,-1
5,9,1460.71,496.89,27.48,86.99,0.5460,-1,-1,-1
6,2,1391.24,526.91,31.60,108.71,0.6359,-1,-1,-1
6,3,1643.16,574.19,65.21,124.56,0.7573,-1,-1,-1
6,4,1561.02,575.68,48.81,120.06,0.2972,-1,-1,-1
6,5,67.21,731.54,42.01,105.13,0.4842,-1,-1,-1
6,6,497.65,552.09,36.81,98.50,0.4641,-1,-1,-1
6,8,142.82,582.08,55.35,163.88,0.4572,-1,-1,-1
6,9,1464.62,506.19,26.84,88.24,0.5390,-1,-1,-1
7,2,1392.82,518.62,32.11,111.37,0.5820,-1,-1,-1
7,3,1650.53,570.38,65.38,128.16,0.7406,-1,-1,-1
7,4,1564.39,568.12,53.19,125.06,0.5744,-1,-1,-1
7,5,51.92,731.56,41.75,108.50,0.3332,-1,-1,-1
7,6,494.14,541.25,36.80,102.99,0.3786,-1,-1,-1
7,8,131.90,580.10,58.47,164.11,0.3909,-1,-1,-1
7,9,1466.50,498.98,26.93,90.15,0.4664,-1,-1,-1
8,2,1394.89,530.85,33.33,109.09,0.6718,-1,-1,-1
8,3,1657.54,577.94,66.27,129.95,0.6627,-1,-1,-1
8,4,1570.08,580.01,51.93,123.93,0.5488,-1,-1,-1
8,5,35.86,740.99,43.49,109.00,0.4952,-1,-1,-1
8,6,493.04,548.01,35.92,102.48,0.3599,-1,-1,-1
8,8,115.03,590.70,63.65,161.07,0.2190,-1,-1,-1
8,9,1467.53,508.92,30.66,88.51,0.5230,-1,-1,-1
9,2,1397.36,533.69,34.52,107.66,0.6747,-1,-1,-1
9,3,1663.87,583.35,66.38,132.29,0.6920,-1,-1,-1
9,4,1576.64,587.27,51.03,124.17,0.5052,-1,-1,-1
9,5,17.37,737.94,46.38,114.88,0.6126,-1,-1,-1
9,6,490.76,549.23,35.82,99.21,0.3189,-1,-1,-1
9,9,1469.41,512.30,31.97,88.46,0.4327,-1,-1,-1
9,12,1514.77,521.85,28.89,86.68,0.3444,-1,-1,-1
9,13,219.28,613.57,42.38,136.86,0.4330,-1,-1,-1
10,2,1398.60,542.51,35.40,107.06,0.6591,-1,-1,-1
10,3,1669.09,601.54,64.78,129.41,0.7865,-1,-1,-1
10,4,1581.83,603.16,49.80,123.42,0.6845,-1,-1,-1
10,5,0.74,727.42,47.43,116.08,0.6397,-1,-1,-1
10,6,489.55,543.01,35.37,99.55,0.4576,-1,-1,-1
10,9,1472.01,523.53,30.37,87.84,0.3215,-1,-1,-1
10,13,210.31,611.02,42.02,133.54,0.5095,-1,-1,-1
11,2,1400.97,530.67,37.20,106.89,0.6749,-1,-1,-1
11,3,1678.77,579.26,66.24,133.75,0.7657,-1,-1,-1
11,4,1589.16,586.97,51.98,125.93,0.6553,-1,-1,-1
11,5,-4.34,749.30,42.53,119.29,0.4077,-1,-1,-1
11,6,486.37,549.38,38.04,101.73,0.2271,-1,-1,-1
11,9,1472.51,510.80,33.09,87.03,0.3871,-1,-1,-1
11,13,201.16,615.15,45.23,142.49,0.4303,-1,-1,-1
11,8,83.96,589.80,60.63,170.18,0.3530,-1,-1,-1
12,2,1403.01,532.92,37.61,109.72,0.6856,-1,-1,-1
12,3,1686.75,588.06,65.17,133.20,0.7709,-1,-1,-1
12,4,1595.89,592.06,53.12,128.17,0.7065,-1,-1,-1
12,6,484.51,553.43,38.64,101.13,0.2765,-1,-1,-1
12,9,1474.37,514.26,36.62,89.39,0.3874,-1,-1,-1
12,13,192.26,609.35,47.08,150.27,0.5128,-1,-1,-1
12,8,76.69,591.99,57.75,168.37,0.3983,-1,-1,-1
13,2,1407.82,529.73,35.65,106.58,0.7171,-1,-1,-1
13,3,1693.93,590.29,64.43,132.66,0.7226,-1,-1,-1
13,4,1600.45,593.99,55.49,127.49,0.6664,-1,-1,-1
13,6,481.87,538.93,33.44,98.92,0.1501,-1,-1,-1
13,9,1476.31,511.53,39.34,90.89,0.4241,-1,-1,-1
13,13,175.97,581.21,53.10,164.63,0.5474,-1,-1,-1
13,8,70.43,572.42,53.18,167.76,0.2822,-1,-1,-1
14,2,1408.57,528.43,36.33,103.55,0.6684,-1,-1,-1
14,3,1701.95,583.32,63.46,133.33,0.6837,-1,-1,-1
14,4,1609.69,586.79,55.88,129.26,0.6282,-1,-1,-1
14,6,479.49,549.60,33.34,97.03,0.3018,-1,-1,-1
14,9,1473.60,509.28,39.62,88.41,0.1726,-1,-1,-1
14,13,166.94,596.60,53.01,165.50,0.3145,-1,-1,-1
14,8,55.08,584.64,55.60,173.99,0.3519,-1,-1,-1
15,2,1412.04,531.01,35.99,105.62,0.5294,-1,-1,-1
15,3,1710.78,584.99,62.36,137.25,0.7500,-1,-1,-1
15,4,1618.98,591.22,53.54,129.85,0.7189,-1,-1,-1
15,6,479.37,548.39,33.60,96.42,0.3125,-1,-1,-1
15,9,1469.48,509.61,51.04,88.67,0.1859,-1,-1,-1
15,13,152.49,587.09,57.09,174.19,0.2854,-1,-1,-1
16,2,1416.38,533.29,34.73,105.02,0.5458,-1,-1,-1
16,3,1717.19,591.28,60.93,136.64,0.7422,-1,-1,-1
16,4,1626.52,594.34,55.20,130.68,0.6976,-1,-1,-1
16,6,478.04,542.78,33.97,100.62,0.3862,-1,-1,-1
16,9,1479.87,515.69,42.56,83.40,0.2727,-1,-1,-1
16,13,142.70,595.38,53.68,167.33,0.3296,-1,-1,-1
16,15,515.93,536.81,35.88,106.40,0.4636,-1,-1,-1
16,8,33.57,582.98,54.42,175.92,0.4577,-1,-1,-1
17,2,1417.99,532.65,36.89,107.41,0.6035,-1,-1,-1
17,3,1723.53,589.31,62.03,138.63,0.7096,-1,-1,-1
17,4,1634.24,589.64,54.83,133.69,0.6952,-1,-1,-1
17,6,475.78,544.53,35.43,102.08,0.5147,-1,-1,-1
17,13,132.22,601.50,50.47,170.92,0.4308,-1,-1,-1
17,15,513.09,540.27,38.01,107.03,0.4907,-1,-1,-1
17,8,20.45,588.53,54.09,180.39,0.3848,-1,-1,-1
18,2,1420.49,533.28,37.15,108.54,0.6993,-1,-1,-1
18,3,1732.65,593.14,61.27,138.11,0.7042,-1,-1,-1
18,4,1643.49,591.01,54.56,134.94,0.6255,-1,-1,-1
18,6,474.67,541.88,37.41,104.26,0.5551,-1,-1,-1
18,15,513.09,540.83,38.04,106.47,0.5021,-1,-1,-1
18,8,8.66,589.24,54.30,184.85,0.3945,-1,-1,-1
19,2,1422.61,534.04,37.83,108.07,0.7342,-1,-1,-1
19,3,1741.24,594.71,62.57,139.06,0.7481,-1,-1,-1
19,4,1651.06,592.03,54.83,135.43,0.4434,-1,-1,-1
19,6,473.35,540.40,37.74,105.83,0.5131,-1,-1,-1
19,15,511.46,540.30,39.37,107.61,0.5126,-1,-1,-1
19,8,-0.28,588.48,50.78,186.09,0.3763,-1,-1,-1
20,2,1424.17,534.55,38.52,106.73,0.7477,-1,-1,-1
20,3,1749.72,596.26,62.67,139.77,0.7429,-1,-1,-1
20,4,1659.01,593.33,52.93,135.40,0.6052,-1,-1,-1
20,6,471.32,543.90,37.67,106.66,0.4014,-1,-1,-1
20,15,508.07,537.90,41.02,113.70,0.4847,-1,-1,-1
20,8,-3.55,595.18,41.76,185.34,0.4794,-1,-1,-1
21,2,1426.29,533.64,39.80,110.64,0.6908,-1,-1,-1
21,3,1758.39,598.12,62.75,140.61,0.7462,-1,-1,-1
21,4,1666.96,596.61,54.50,137.19,0.6871,-1,-1,-1
21,6,468.77,548.00,35.61,102.67,0.4583,-1,-1,-1
21,15,506.62,538.83,40.10,114.04,0.5237,-1,-1,-1
21,8,-3.70,610.82,28.72,171.28,0.3771,-1,-1,-1
22,2,1429.48,537.15,40.11,105.12,0.6691,-1,-1,-1
22,3,1770.55,601.31,60.76,139.05,0.7483,-1,-1,-1
22,4,1674.85,597.88,54.51,140.23,0.6264,-1,-1,-1
22,6,465.78,550.66,36.34,103.53,0.5558,-1,-1,-1
22,15,504.51,543.35,38.11,112.46,0.5124,-1,-1,-1
23,2,1431.29,538.54,40.32,108.45,0.6631,-1,-1,-1
23,3,1779.12,601.20,62.46,144.03,0.7717,-1,-1,-1
23,4,1681.44,600.35,55.91,142.64,0.7254,-1,-1,-1
23,6,465.28,549.67,34.76,105.63,0.4278,-1,-1,-1
23,15,500.16,547.04,41.03,109.76,0.5497,-1,-1,-1
24,2,1435.15,532.28,39.15,113.80,0.6539,-1,-1,-1
24,3,1788.24,595.08,64.64,149.76,0.7111,-1,-1,-1
24,4,1687.18,600.49,58.27,143.21,0.7311,-1,-1,-1
24,6,461.41,550.43,40.08,108.02,0.4739,-1,-1,-1
24,15,496.87,552.24,39.21,106.84,0.4579,-1,-1,-1
25,2,1438.06,535.87,40.44,119.23,0.6621,-1,-1,-1
25,3,1797.64,603.72,66.61,148.81,0.7095,-1,-1,-1
25,4,1695.91,607.53,56.66,147.47,0.7278,-1,-1,-1
25,6,458.49,548.08,43.00,113.22,0.4381,-1,-1,-1
25,15,496.13,553.10,38.90,108.67,0.4673,-1,-1,-1
26,2,1440.41,538.29,43.03,119.33,0.7230,-1,-1,-1
26,3,1807.36,607.94,68.35,147.61,0.5900,-1,-1,-1
26,4,1704.23,611.68,58.53,149.58,0.7248,-1,-1,-1
26,6,457.07,549.03,42.25,113.41,0.5107,-1,-1,-1
26,15,494.96,550.31,40.15,113.01,0.5505,-1,-1,-1
26,17,1530.22,519.90,27.96,86.07,0.4781,-1,-1,-1
27,2,1443.35,541.55,41.95,115.70,0.7473,-1,-1,-1
27,3,1814.56,611.40,73.07,150.31,0.6523,-1,-1,-1
27,4,1711.20,615.51,59.66,149.59,0.6736,-1,-1,-1
27,6,453.14,555.95,42.89,110.78,0.3937,-1,-1,-1
27,15,492.94,559.84,40.01,106.94,0.6101,-1,-1,-1
27,17,1531.37,521.15,31.81,86.36,0.6918,-1,-1,-1
28,2,1446.80,544.89,44.66,112.28,0.7280,-1,-1,-1
28,3,1823.06,611.49,74.63,155.48,0.7715,-1,-1,-1
28,4,1718.62,617.13,60.23,151.93,0.6737,-1,-1,-1
28,6,450.84,558.47,42.15,109.71,0.3524,-1,-1,-1
28,15,491.46,564.50,39.73,103.87,0.5865,-1,-1,-1
28,17,1534.32,525.17,33.89,84.07,0.5366,-1,-1,-1
29,2,1451.23,550.90,41.07,110.79,0.7081,-1,-1,-1
29,3,1830.09,620.43,75.27,159.03,0.6925,-1,-1,-1
29,4,1725.64,623.90,60.30,158.36,0.7233,-1,-1,-1
29,6,449.03,561.97,41.20,106.06,0.4895,-1,-1,-1
29,15,490.89,568.03,38.32,100.03,0.5287,-1,-1,-1
29,17,1536.34,527.29,34.24,89.55,0.5617,-1,-1,-1
30,2,1453.86,550.69,42.06,111.52,0.6417,-1,-1,-1
30,3,1836.80,621.03,78.51,153.63,0.6343,-1,-1,-1
30,4,1736.99,624.47,59.90,159.73,0.7528,-1,-1,-1
30,6,444.42,566.42,42.96,109.88,0.6151,-1,-1,-1
30,15,488.63,574.85,38.77,101.51,0.5004,-1,-1,-1
30,17,1538.73,525.79,34.79,91.52,0.5648,-1,-1,-1
31,2,1457.28,552.67,42.52,118.42,0.6285,-1,-1,-1
31,3,1850.77,626.39,71.98,151.11,0.6390,-1,-1,-1
31,4,1749.22,628.52,59.24,156.34,0.5785,-1,-1,-1
31,6,442.90,579.65,41.34,109.76,0.5757,-1,-1,-1
31,15,488.03,581.68,38.54,108.33,0.4165,-1,-1,-1
31,17,1542.93,526.34,34.23,96.20,0.4866,-1,-1,-1
32,2,1460.35,556.45,40.05,119.24,0.6370,-1,-1,-1
32,3,1857.70,634.57,63.70,158.47,0.6872,-1,-1,-1
32,4,1756.33,632.73,59.93,155.84,0.6769,-1,-1,-1
32,6,441.79,573.65,41.11,108.16,0.5729,-1,-1,-1
32,15,487.27,575.03,38.57,108.32,0.5267,-1,-1,-1
32,17,1545.52,529.59,33.63,93.25,0.5976,-1,-1,-1
33,2,1464.42,542.67,41.88,124.00,0.7429,-1,-1,-1
33,3,1869.65,622.34,53.24,166.85,0.6662,-1,-1,-1
33,4,1767.16,620.86,60.21,153.90,0.6461,-1,-1,-1
33,6,439.52,563.19,39.97,108.88,0.5151,-1,-1,-1
33,15,484.51,567.13,37.59,107.98,0.4873,-1,-1,-1
33,17,1549.68,517.86,33.62,91.53,0.6533,-1,-1,-1
34,2,1468.45,544.54,41.83,124.76,0.7610,-1,-1,-1
34,3,1880.72,631.33,41.67,151.83,0.5550,-1,-1,-1
34,4,1775.08,620.83,63.83,156.45,0.7453,-1,-1,-1
34,6,437.03,572.03,39.70,105.42,0.4813,-1,-1,-1
34,15,481.05,568.47,38.80,112.26,0.5207,-1,-1,-1
34,17,1553.25,518.20,33.00,92.99,0.5972,-1,-1,-1
35,2,1471.32,539.51,44.38,125.98,0.7299,-1,-1,-1
35,4,1784.62,621.10,65.78,158.06,0.6379,-1,-1,-1
35,6,435.57,564.74,39.65,103.77,0.4298,-1,-1,-1
35,15,478.85,559.66,38.62,111.59,0.3760,-1,-1,-1
35,17,1559.80,515.23,31.45,92.98,0.5334,-1,-1,-1
36,2,1476.74,536.25,43.86,128.81,0.7514,-1,-1,-1
36,4,1794.21,618.00,69.20,165.36,0.7064,-1,-1,-1
36,6,432.22,562.35,41.15,104.93,0.3527,-1,-1,-1
36,15,475.34,553.14,39.13,116.96,0.3022,-1,-1,-1
36,17,1565.10,514.45,30.96,91.65,0.3399,-1,-1,-1
37,2,1480.94,537.37,42.19,127.70,0.7195,-1,-1,-1
37,4,1801.30,621.62,73.86,168.80,0.7729,-1,-1,-1
37,6,429.69,553.84,39.22,109.27,0.3535,-1,-1,-1
37,15,470.75,541.61,41.70,123.83,0.4701,-1,-1,-1
37,17,1570.32,514.53,32.06,92.09,0.4271,-1,-1,-1
38,2,1484.66,532.71,41.52,129.71,0.7105,-1,-1,-1
38,4,1809.75,616.42,77.44,175.64,0.7811,-1,-1,-1
38,6,426.15,551.68,39.63,113.80,0.4980,-1,-1,-1
38,15,466.60,541.05,43.89,124.92,0.5374,-1,-1,-1
38,17,1574.79,504.82,31.57,95.97,0.4790,-1,-1,-1
39,2,1488.96,537.84,42.19,128.59,0.7030,-1,-1,-1
39,4,1821.93,627.88,76.30,175.49,0.7505,-1,-1,-1
39,6,423.91,542.80,39.15,115.11,0.4522,-1,-1,-1
39,15,465.55,530.54,43.46,127.64,0.4775,-1,-1,-1
39,17,1581.37,507.81,32.94,96.94,0.5142,-1,-1,-1
40,2,1492.01,535.98,41.96,127.41,0.7111,-1,-1,-1
40,4,1833.48,625.98,76.07,177.82,0.7794,-1,-1,-1
40,6,420.25,542.17,39.35,119.59,0.3850,-1,-1,-1
40,15,464.20,536.78,43.51,124.49,0.4696,-1,-1,-1
40,17,1583.34,501.11,35.47,102.16,0.3280,-1,-1,-1
41,2,1496.09,545.06,43.25,122.05,0.6972,-1,-1,-1
41,4,1845.42,633.22,74.68,180.16,0.7577,-1,-1,-1
41,6,419.56,536.53,39.92,123.69,0.4087,-1,-1,-1
41,15,463.42,536.98,44.37,122.56,0.4696,-1,-1,-1
41,17,1589.70,502.97,37.99,105.30,0.4960,-1,-1,-1
42,2,1500.80,547.75,43.26,120.96,0.6868,-1,-1,-1
42,4,1857.20,637.55,66.38,180.77,0.6916,-1,-1,-1
42,6,418.28,536.74,42.66,126.79,0.5487,-1,-1,-1
42,15,461.84,543.28,46.02,118.85,0.4622,-1,-1,-1
42,17,1594.55,506.33,36.00,102.70,0.5748,-1,-1,-1
43,2,1505.43,549.91,42.73,122.19,0.6678,-1,-1,-1
43,4,1869.60,644.21,53.77,174.13,0.6621,-1,-1,-1
43,6,415.65,536.25,44.72,129.98,0.5425,-1,-1,-1
43,15,457.98,534.84,47.19,130.01,0.4131,-1,-1,-1
43,17,1597.40,510.84,34.57,99.56,0.5064,-1,-1,-1
43,20,502.19,528.37,33.96,89.45,0.3720,-1,-1,-1
44,2,1510.82,552.07,42.78,120.93,0.6220,-1,-1,-1
44,4,1881.58,649.39,41.37,169.10,0.6409,-1,-1,-1
44,6,415.15,535.77,44.59,132.77,0.3814,-1,-1,-1
44,15,452.63,532.85,49.23,135.65,0.4002,-1,-1,-1
44,17,1600.30,510.14,37.43,100.98,0.5301,-1,-1,-1
44,20,499.44,528.11,35.08,91.45,0.2999,-1,-1,-1
45,2,1515.83,556.32,43.60,127.13,0.7575,-1,-1,-1
45,4,1892.92,669.48,28.67,162.33,0.4757,-1,-1,-1
45,6,415.95,533.43,42.63,132.57,0.3758,-1,-1,-1
45,15,451.61,530.73,48.37,135.86,0.3258,-1,-1,-1
45,17,1604.69,514.24,39.51,101.89,0.5885,-1,-1,-1
45,20,498.80,526.04,36.04,91.85,0.2232,-1,-1,-1
46,2,1519.49,554.78,43.16,132.59,0.7570,-1,-1,-1
46,6,408.79,538.69,46.83,128.87,0.3123,-1,-1,-1
46,15,448.89,533.37,47.80,137.05,0.3441,-1,-1,-1
46,17,1608.15,514.69,39.96,101.14,0.5480,-1,-1,-1
46,20,494.83,520.52,36.31,98.50,0.2522,-1,-1,-1
47,2,1524.41,558.49,43.31,132.03,0.7205,-1,-1,-1
47,6,406.39,536.84,46.02,128.66,0.2859,-1,-1,-1
47,15,449.06,536.04,45.00,133.70,0.3277,-1,-1,-1
47,17,1616.73,524.27,36.08,95.19,0.5303,-1,-1,-1
47,20,492.36,515.42,36.94,103.62,0.3365,-1,-1,-1
48,2,1527.73,559.95,44.71,133.27,0.7090,-1,-1,-1
48,6,403.12,537.43,47.38,133.48,0.3399,-1,-1,-1
48,15,447.74,542.88,45.26,132.29,0.3629,-1,-1,-1
48,17,1620.73,527.30,33.37,92.65,0.6493,-1,-1,-1
48,20,490.02,526.43,35.79,96.72,0.3159,-1,-1,-1
49,2,1533.10,560.28,44.82,135.82,0.7107,-1,-1,-1
49,6,398.71,549.99,45.01,123.72,0.4164,-1,-1,-1
49,15,446.14,548.32,44.31,128.27,0.5423,-1,-1,-1
49,17,1625.77,532.52,31.95,91.26,0.7156,-1,-1,-1
49,20,488.16,534.03,36.12,88.69,0.2825,-1,-1,-1
50,2,1537.60,557.37,45.77,137.30,0.6966,-1,-1,-1
50,6,397.25,553.21,44.28,119.61,0.3637,-1,-1,-1
50,15,444.93,556.09,43.53,120.40,0.5618,-1,-1,-1
50,17,1631.17,530.40,29.06,90.32,0.4166,-1,-1,-1
50,20,485.58,535.26,35.35,83.04,0.1733,-1,-1,-1
51,2,1542.17,561.13,46.25,137.83,0.6992,-1,-1,-1
51,6,396.35,551.42,44.21,120.52,0.4895,-1,-1,-1
51,15,442.55,564.44,43.07,112.25,0.5522,-1,-1,-1
51,17,1636.92,533.94,29.38,89.69,0.6433,-1,-1,-1
51,20,481.64,535.33,35.42,82.05,0.1742,-1,-1,-1
52,2,1546.08,558.69,49.35,145.65,0.7092,-1,-1,-1
52,6,394.91,551.72,45.42,122.64,0.5372,-1,-1,-1
52,15,441.53,568.26,41.53,109.74,0.5690,-1,-1,-1
52,17,1640.15,532.82,29.97,90.60,0.5623,-1,-1,-1
52,25,335.27,562.06,36.99,112.54,0.5025,-1,-1,-1
53,2,1550.37,557.30,51.09,150.78,0.6876,-1,-1,-1
53,6,392.33,550.79,45.83,126.10,0.5311,-1,-1,-1
53,15,439.18,566.80,43.55,112.90,0.5363,-1,-1,-1
53,17,1644.22,533.77,30.06,89.64,0.5337,-1,-1,-1
53,25,329.69,558.65,40.29,118.17,0.4316,-1,-1,-1
53,26,635.89,536.78,30.93,90.37,0.4406,-1,-1,-1
54,2,1553.29,556.83,52.37,153.37,0.7243,-1,-1,-1
54,6,388.51,548.83,45.68,128.69,0.5157,-1,-1,-1
54,15,436.51,567.44,44.24,112.76,0.5620,-1,-1,-1
54,17,1648.33,534.09,30.22,89.31,0.5927,-1,-1,-1
54,25,327.20,561.18,41.49,113.50,0.5001,-1,-1,-1
54,26,635.22,535.24,31.41,90.81,0.3953,-1,-1,-1
55,2,1557.62,554.50,52.66,157.53,0.7489,-1,-1,-1
55,6,384.82,544.72,45.97,133.22,0.5710,-1,-1,-1
55,15,434.69,564.00,44.47,116.98,0.4615,-1,-1,-1
55,17,1653.11,533.56,31.81,91.21,0.6041,-1,-1,-1
55,25,325.16,559.35,43.09,113.96,0.4942,-1,-1,-1
55,26,635.53,535.56,30.46,90.62,0.3400,-1,-1,-1
56,2,1562.23,553.97,52.23,157.49,0.7373,-1,-1,-1
56,6,382.54,549.11,44.35,129.12,0.5221,-1,-1,-1
56,15,431.22,563.54,43.60,118.23,0.3546,-1,-1,-1
56,17,1656.62,527.59,34.98,98.37,0.7227,-1,-1,-1
56,25,320.64,557.91,45.58,115.72,0.5542,-1,-1,-1
56,26,632.90,535.96,27.32,92.28,0.3524,-1,-1,-1
57,2,1567.11,551.55,53.27,157.80,0.7168,-1,-1,-1
57,6,379.91,550.13,44.00,128.19,0.5247,-1,-1,-1
57,15,426.72,561.60,43.96,119.29,0.4543,-1,-1,-1
57,17,1659.18,521.40,36.63,102.69,0.7179,-1,-1,-1
57,25,315.19,556.57,46.37,117.80,0.4610,-1,-1,-1
57,26,630.86,535.93,27.59,92.70,0.3481,-1,-1,-1
58,2,1571.23,555.23,53.20,153.76,0.6330,-1,-1,-1
58,6,377.07,547.40,43.42,129.85,0.5754,-1,-1,-1
58,15,422.00,559.30,44.71,120.33,0.4634,-1,-1,-1
58,17,1661.53,515.52,37.08,106.93,0.6824,-1,-1,-1
58,25,309.80,554.31,47.61,117.22,0.4667,-1,-1,-1
58,26,630.62,536.02,27.20,91.35,0.3272,-1,-1,-1
59,2,1577.43,561.05,51.15,149.04,0.6308,-1,-1,-1
59,6,374.31,543.81,42.02,131.53,0.5620,-1,-1,-1
59,15,418.72,559.67,45.41,118.21,0.4145,-1,-1,-1
59,17,1664.23,511.15,40.05,110.82,0.6578,-1,-1,-1
59,25,306.38,550.80,47.82,120.35,0.4357,-1,-1,-1
59,26,627.69,535.38,28.28,90.55,0.3698,-1,-1,-1
60,2,1581.33,560.09,51.48,151.17,0.6268,-1,-1,-1
60,6,370.11,546.04,41.26,129.46,0.5510,-1,-1,-1
60,15,416.48,562.81,47.02,115.38,0.3870,-1,-1,-1
60,17,1665.70,510.34,41.67,111.16,0.7210,-1,-1,-1
60,25,303.18,553.85,47.92,117.48,0.3951,-1,-1,-1
60,26,624.45,534.32,30.17,92.78,0.2791,-1,-1,-1
61,2,1585.18,549.95,52.74,156.66,0.6205,-1,-1,-1
61,6,365.39,549.16,44.04,128.49,0.4771,-1,-1,-1
61,15,414.11,562.21,47.86,117.52,0.4222,-1,-1,-1
61,17,1666.67,507.14,44.31,108.71,0.7169,-1,-1,-1
61,25,298.87,558.30,49.60,115.17,0.4345,-1,-1,-1
61,26,621.93,533.50,29.30,94.60,0.2450,-1,-1,-1
62,2,1589.91,556.10,53.45,156.30,0.7001,-1,-1,-1
62,6,361.71,542.37,45.83,130.58,0.4603,-1,-1,-1
62,15,412.90,552.56,44.12,124.28,0.3490,-1,-1,-1
62,17,1671.22,517.68,44.25,105.04,0.5488,-1,-1,-1
62,25,296.34,551.64,49.23,115.44,0.4384,-1,-1,-1
62,26,622.44,530.64,27.47,94.68,0.3752,-1,-1,-1
63,2,1596.10,543.02,55.06,155.39,0.6411,-1,-1,-1
63,6,359.39,562.97,45.95,128.31,0.4003,-1,-1,-1
63,15,411.48,571.10,45.93,120.41,0.3700,-1,-1,-1
63,17,1678.48,509.99,41.26,96.50,0.5719,-1,-1,-1
63,25,293.62,571.91,49.07,115.34,0.4958,-1,-1,-1
63,26,621.21,540.99,28.19,96.42,0.2507,-1,-1,-1
64,2,1600.26,562.63,55.41,153.44,0.6265,-1,-1,-1
64,6,356.82,541.80,44.76,133.69,0.4848,-1,-1,-1
64,15,404.57,549.64,45.17,127.47,0.3328,-1,-1,-1
64,17,1687.32,529.66,35.32,95.13,0.6374,-1,-1,-1
64,25,290.98,551.64,45.98,117.63,0.4852,-1,-1,-1
64,26,621.22,531.04,25.68,96.41,0.3509,-1,-1,-1
65,2,1603.16,561.71,56.61,151.07,0.7297,-1,-1,-1
65,6,350.52,550.57,46.76,132.02,0.4789,-1,-1,-1
65,15,401.16,559.26,45.48,123.32,0.3862,-1,-1,-1
65,17,1690.62,528.62,33.97,90.58,0.6811,-1,-1,-1
65,25,287.38,560.14,44.53,116.87,0.5095,-1,-1,-1
65,26,619.14,538.93,26.11,94.04,0.2429,-1,-1,-1
66,2,1609.70,559.92,56.73,149.92,0.7218,-1,-1,-1
66,6,347.44,558.64,47.70,134.22,0.6009,-1,-1,-1
66,15,397.40,567.25,48.20,123.62,0.5012,-1,-1,-1
66,17,1697.01,520.70,33.95,91.56,0.6913,-1,-1,-1
66,25,286.49,568.45,42.48,114.95,0.5079,-1,-1,-1
66,26,618.24,543.87,26.11,92.56,0.3274,-1,-1,-1
66,28,467.19,560.23,30.42,73.10,0.4145,-1,-1,-1
67,2,1613.95,570.35,55.61,153.79,0.7347,-1,-1,-1
67,6,343.14,543.69,48.31,135.78,0.5524,-1,-1,-1
67,15,394.20,556.67,46.09,121.82,0.5553,-1,-1,-1
67,17,1699.74,537.02,34.10,90.98,0.6537,-1,-1,-1
67,25,281.72,547.69,41.70,121.13,0.3359,-1,-1,-1
67,26,615.67,533.24,26.26,96.08,0.2163,-1,-1,-1
67,28,460.11,551.43,30.59,70.94,0.3430,-1,-1,-1
68,2,1617.14,564.27,57.16,152.56,0.7318,-1,-1,-1
68,6,340.11,555.64,48.00,131.88,0.5780,-1,-1,-1
68,15,388.86,563.45,49.57,123.02,0.5489,-1,-1,-1
68,17,1701.86,528.60,33.91,89.83,0.5779,-1,-1,-1
68,25,277.59,560.68,41.85,119.32,0.4448,-1,-1,-1
68,26,612.24,536.73,26.83,96.92,0.2112,-1,-1,-1
68,28,454.60,559.09,31.12,72.55,0.4476,-1,-1,-1
69,2,1621.42,572.33,57.94,156.14,0.7563,-1,-1,-1
69,6,334.27,545.62,50.23,137.00,0.4394,-1,-1,-1
69,15,385.94,557.51,46.99,123.31,0.4938,-1,-1,-1
69,17,1704.70,538.91,34.37,90.84,0.6500,-1,-1,-1
69,25,272.65,551.46,40.44,125.02,0.4400,-1,-1,-1
69,28,450.63,554.44,28.59,73.57,0.4046,-1,-1,-1
70,2,1625.20,567.30,59.30,156.80,0.7757,-1,-1,-1
70,6,330.01,545.53,50.57,138.94,0.5193,-1,-1,-1
70,15,380.64,556.47,47.96,127.03,0.5873,-1,-1,-1
70,17,1705.74,535.15,34.98,92.23,0.5962,-1,-1,-1
70,25,266.99,550.08,42.89,129.28,0.3747,-1,-1,-1
70,28,443.72,555.44,30.14,74.59,0.4612,-1,-1,-1
71,2,1629.65,571.38,58.94,158.91,0.7564,-1,-1,-1
71,6,327.93,546.16,48.46,136.47,0.5147,-1,-1,-1
71,15,375.13,553.77,48.42,128.57,0.5607,-1,-1,-1
71,17,1707.12,537.44,34.98,93.22,0.6897,-1,-1,-1
71,25,261.59,549.95,41.49,124.66,0.2269,-1,-1,-1
71,28,436.72,553.50,32.68,75.68,0.3959,-1,-1,-1
71,26,599.22,538.84,28.22,97.27,0.3385,-1,-1,-1
72,2,1632.97,562.32,60.31,169.28,0.7885,-1,-1,-1
72,6,325.03,550.68,49.12,134.55,0.6164,-1,-1,-1
72,15,370.92,554.82,47.95,130.11,0.6105,-1,-1,-1
72,17,1707.37,535.99,35.98,91.77,0.6906,-1,-1,-1
72,25,256.45,553.29,40.79,125.48,0.2995,-1,-1,-1
72,28,429.46,555.59,34.51,75.66,0.4245,-1,-1,-1
72,30,502.87,534.93,36.33,107.09,0.3700,-1,-1,-1
72,26,595.70,538.51,27.64,98.89,0.2503,-1,-1,-1
73,2,1637.72,564.76,60.25,171.81,0.6738,-1,-1,-1
73,6,318.00,544.27,50.86,137.66,0.4709,-1,-1,-1
73,15,366.55,549.05,47.69,132.74,0.5836,-1,-1,-1
73,17,1708.88,539.47,38.07,93.90,0.5833,-1,-1,-1
73,25,252.11,551.60,39.77,127.05,0.3369,-1,-1,-1
73,28,424.38,552.13,31.97,74.87,0.4058,-1,-1,-1
73,30,500.05,534.49,35.14,105.99,0.3436,-1,-1,-1
73,26,590.30,535.18,29.23,99.54,0.2578,-1,-1,-1
74,2,1641.51,568.22,63.68,169.08,0.7210,-1,-1,-1
74,6,314.32,543.84,50.01,140.18,0.3724,-1,-1,-1
74,15,362.88,548.83,48.79,134.47,0.4973,-1,-1,-1
74,17,1711.09,536.61,37.75,93.46,0.5858,-1,-1,-1
74,25,247.32,545.25,44.65,137.19,0.3169,-1,-1,-1
74,28,417.76,553.47,34.25,74.50,0.4468,-1,-1,-1
74,30,494.99,533.79,35.04,108.04,0.1760,-1,-1,-1
74,26,584.55,537.45,28.54,100.43,0.3059,-1,-1,-1
75,2,1643.61,575.82,64.68,165.50,0.7429,-1,-1,-1
75,6,306.43,547.21,49.58,136.22,0.4164,-1,-1,-1
75,15,356.04,553.74,47.59,130.26,0.6082,-1,-1,-1
75,17,1711.99,539.22,37.84,93.54,0.5706,-1,-1,-1
75,25,241.73,544.45,44.81,138.43,0.2124,-1,-1,-1
75,28,411.62,554.13,33.45,75.85,0.3757,-1,-1,-1
75,30,487.95,533.07,36.75,106.95,0.2076,-1,-1,-1
75,26,579.79,536.88,28.75,103.16,0.3460,-1,-1,-1
76,2,1647.53,578.04,64.47,164.42,0.7341,-1,-1,-1
76,6,296.31,543.50,55.34,140.11,0.4755,-1,-1,-1
76,15,351.26,551.53,48.32,131.11,0.4953,-1,-1,-1
76,17,1712.98,539.31,38.32,91.69,0.5478,-1,-1,-1
76,25,234.39,540.04,46.42,142.32,0.2022,-1,-1,-1
76,28,401.87,552.68,35.74,74.50,0.3273,-1,-1,-1
76,30,479.96,531.78,38.90,104.99,0.2757,-1,-1,-1
76,26,575.92,535.67,30.44,103.31,0.3407,-1,-1,-1
77,2,1649.34,580.70,67.08,163.61,0.7195,-1,-1,-1
77,6,291.23,545.11,54.13,139.23,0.4480,-1,-1,-1
77,15,343.98,550.36,48.55,132.54,0.6133,-1,-1,-1
77,17,1713.59,540.73,38.41,91.03,0.5368,-1,-1,-1
77,28,395.44,553.68,34.44,77.02,0.3709,-1,-1,-1
77,30,474.90,534.17,41.74,109.33,0.3060,-1,-1,-1
77,26,572.62,534.63,30.36,104.64,0.3860,-1,-1,-1
78,2,1652.65,581.55,68.20,164.42,0.7336,-1,-1,-1
78,6,282.16,541.77,56.09,143.76,0.4271,-1,-1,-1
78,15,339.78,551.75,48.06,132.89,0.5297,-1,-1,-1
78,17,1713.89,540.64,38.55,91.09,0.5829,-1,-1,-1
78,28,389.65,553.17,34.96,77.57,0.3429,-1,-1,-1
78,30,470.03,533.10,38.71,109.89,0.2773,-1,-1,-1
78,26,570.22,535.73,28.37,101.59,0.3059,-1,-1,-1
79,2,1653.83,584.55,71.61,162.87,0.7503,-1,-1,-1
79,6,272.25,538.47,60.27,145.54,0.5009,-1,-1,-1
79,15,333.76,548.78,49.59,135.60,0.5562,-1,-1,-1
79,17,1713.40,540.49,38.92,90.57,0.5743,-1,-1,-1
79,28,382.75,552.26,33.96,77.12,0.3437,-1,-1,-1
79,30,463.70,530.34,39.20,113.42,0.3435,-1,-1,-1
79,26,568.48,530.63,28.18,106.10,0.2674,-1,-1,-1
80,2,1654.28,582.14,74.70,166.37,0.7249,-1,-1,-1
80,6,263.13,537.95,63.68,148.02,0.5575,-1,-1,-1
80,15,326.95,552.40,50.01,134.70,0.6084,-1,-1,-1
80,17,1712.63,536.79,39.64,91.55,0.6115,-1,-1,-1
80,28,373.45,554.17,35.35,76.86,0.3363,-1,-1,-1
80,30,455.47,530.24,43.34,117.68,0.4903,-1,-1,-1
80,26,565.46,528.22,28.96,109.97,0.2238,-1,-1,-1
81,2,1657.02,582.23,73.57,166.92,0.7504,-1,-1,-1
81,6,264.14,546.26,55.11,137.27,0.3501,-1,-1,-1
81,15,319.65,552.81,51.00,133.97,0.5708,-1,-1,-1
81,17,1711.80,536.31,39.43,91.37,0.5704,-1,-1,-1
81,28,367.88,554.06,34.20,75.21,0.4967,-1,-1,-1
81,30,450.99,530.56,45.21,119.83,0.3342,-1,-1,-1
81,31,148.14,556.88,45.62,132.17,0.3818,-1,-1,-1
82,2,1659.68,583.11,72.83,170.06,0.7395,-1,-1,-1
82,6,260.76,538.66,51.59,145.02,0.3820,-1,-1,-1
82,15,312.28,554.66,49.85,132.38,0.4983,-1,-1,-1
82,17,1711.93,537.12,37.25,91.14,0.6128,-1,-1,-1
82,28,359.71,554.71,34.61,76.38,0.3522,-1,-1,-1
82,30,448.33,538.06,40.64,113.70,0.2707,-1,-1,-1
82,31,139.05,556.31,49.11,135.23,0.4349,-1,-1,-1
83,2,1665.10,582.53,68.92,171.90,0.7061,-1,-1,-1
83,6,255.98,541.65,48.49,145.35,0.4586,-1,-1,-1
83,15,304.93,558.20,51.36,131.15,0.6694,-1,-1,-1
83,17,1712.00,536.78,36.10,91.01,0.5894,-1,-1,-1
83,28,354.96,558.17,32.45,74.38,0.3571,-1,-1,-1
83,30,440.85,539.05,41.63,113.88,0.3829,-1,-1,-1
83,31,130.03,559.03,51.56,133.52,0.5458,-1,-1,-1
84,2,1665.21,580.09,72.71,176.77,0.7242,-1,-1,-1
84,6,245.54,549.43,52.18,140.40,0.5413,-1,-1,-1
84,15,296.53,561.88,54.23,128.54,0.5318,-1,-1,-1
84,17,1712.57,535.38,34.75,92.20,0.5715,-1,-1,-1
84,28,346.65,558.04,32.05,74.38,0.4252,-1,-1,-1
84,30,433.28,537.88,41.97,113.89,0.3586,-1,-1,-1
84,31,121.42,561.13,52.66,134.50,0.5341,-1,-1,-1
84,32,462.42,545.20,43.07,111.16,0.3908,-1,-1,-1
85,2,1667.67,581.33,72.72,179.66,0.7671,-1,-1,-1
85,6,242.47,555.84,48.43,136.77,0.4785,-1,-1,-1
85,15,290.71,562.57,51.51,129.12,0.5021,-1,-1,-1
85,17,1711.78,536.57,34.65,92.58,0.4764,-1,-1,-1
85,28,338.61,560.95,32.59,75.69,0.2904,-1,-1,-1
85,30,427.28,539.87,40.96,115.44,0.2958,-1,-1,-1
85,31,112.31,564.59,54.03,133.37,0.5264,-1,-1,-1
85,32,454.40,548.20,44.72,110.95,0.2212,-1,-1,-1
86,2,1671.38,580.83,71.18,179.82,0.7646,-1,-1,-1
86,6,231.71,556.85,50.34,136.91,0.4305,-1,-1,-1
86,15,284.29,561.78,49.91,131.33,0.5830,-1,-1,-1
86,17,1708.64,535.62,36.26,80.43,0.3145,-1,-1,-1
86,28,332.49,561.12,31.92,81.66,0.2621,-1,-1,-1
86,30,421.86,535.93,39.23,120.95,0.3419,-1,-1,-1
86,31,103.24,562.64,55.79,140.57,0.4138,-1,-1,-1
86,32,450.02,540.71,43.24,118.65,0.3605,-1,-1,-1
87,2,1672.56,584.17,72.24,180.32,0.7968,-1,-1,-1
87,6,224.77,556.52,50.39,139.10,0.4919,-1,-1,-1
87,15,278.99,563.67,51.53,132.27,0.5734,-1,-1,-1
87,17,1707.06,537.97,36.61,71.39,0.2533,-1,-1,-1
87,28,324.26,561.13,32.20,81.45,0.2803,-1,-1,-1
87,30,414.69,537.82,40.10,120.81,0.3092,-1,-1,-1
87,31,95.51,562.23,59.02,137.73,0.5342,-1,-1,-1
87,32,442.18,545.44,42.46,117.48,0.3910,-1,-1,-1
87,34,383.02,554.42,35.55,97.45,0.5402,-1,-1,-1
88,2,1674.97,582.79,71.98,184.08,0.7977,-1,-1,-1
88,6,219.43,561.24,50.43,138.86,0.5733,-1,-1,-1
88,15,270.86,568.69,51.79,131.91,0.5029,-1,-1,-1
88,17,1704.95,538.31,37.18,61.82,0.1722,-1,-1,-1
88,28,316.25,565.92,32.93,79.27,0.2775,-1,-1,-1
88,30,408.53,544.07,40.86,114.99,0.2337,-1,-1,-1
88,31,90.02,566.86,54.45,131.85,0.5030,-1,-1,-1
88,32,433.58,547.80,46.67,119.62,0.4156,-1,-1,-1
88,34,377.48,556.46,34.77,97.70,0.3989,-1,-1,-1
89,2,1678.52,584.28,70.42,188.57,0.8037,-1,-1,-1
89,6,214.55,558.47,48.70,142.67,0.3128,-1,-1,-1
89,15,265.02,567.27,51.59,132.18,0.4706,-1,-1,-1
89,28,308.35,566.60,32.97,80.54,0.1856,-1,-1,-1
89,30,401.62,540.34,37.84,120.75,0.2856,-1,-1,-1
89,31,83.24,563.04,54.37,135.53,0.4656,-1,-1,-1
89,32,429.76,546.26,43.67,122.59,0.5836,-1,-1,-1
89,34,368.82,554.84,31.67,98.37,0.4574,-1,-1,-1
90,2,1681.95,585.59,70.30,192.28,0.7568,-1,-1,-1
90,6,205.28,557.49,51.66,147.32,0.3254,-1,-1,-1
90,15,259.29,571.07,53.34,134.04,0.5301,-1,-1,-1
90,28,299.53,567.83,32.48,85.24,0.1535,-1,-1,-1
90,30,393.16,540.55,40.68,128.72,0.3598,-1,-1,-1
90,31,74.79,565.59,57.72,138.16,0.4846,-1,-1,-1
90,32,420.89,547.70,45.94,125.70,0.3054,-1,-1,-1
90,34,360.14,567.00,34.39,91.40,0.4281,-1,-1,-1
91,2,1684.63,595.27,72.46,188.67,0.7887,-1,-1,-1
91,6,199.75,559.96,51.01,146.31,0.3825,-1,-1,-1
91,15,249.96,558.85,63.60,149.01,0.4393,-1,-1,-1
91,30,385.43,545.67,42.13,124.50,0.3130,-1,-1,-1
91,31,67.52,566.71,56.60,141.21,0.4517,-1,-1,-1
91,32,413.97,550.36,46.29,125.48,0.5728,-1,-1,-1
91,34,354.04,570.99,33.57,89.08,0.3764,-1,-1,-1
92,2,1687.95,600.76,73.47,186.95,0.7964,-1,-1,-1
92,6,190.27,561.67,53.84,150.04,0.3345,-1,-1,-1
92,15,245.31,556.94,62.86,154.66,0.5456,-1,-1,-1
92,30,379.87,555.95,38.29,120.04,0.3352,-1,-1,-1
92,31,57.80,570.76,63.94,142.29,0.3359,-1,-1,-1
92,32,407.57,553.55,44.30,126.21,0.5375,-1,-1,-1
92,34,346.03,580.66,32.56,85.96,0.2400,-1,-1,-1
93,2,1689.29,605.34,73.99,187.00,0.8092,-1,-1,-1
93,6,184.58,555.34,53.60,159.98,0.5642,-1,-1,-1
93,15,241.01,566.96,56.23,146.06,0.5533,-1,-1,-1
93,30,371.14,554.90,36.76,126.00,0.3042,-1,-1,-1
93,31,49.44,575.40,64.13,140.38,0.2706,-1,-1,-1
93,32,400.99,556.01,44.18,127.30,0.5216,-1,-1,-1
93,34,338.94,581.73,32.75,87.19,0.4045,-1,-1,-1
94,2,1690.49,607.62,74.09,187.63,0.8040,-1,-1,-1
94,6,180.17,562.11,52.27,155.76,0.5233,-1,-1,-1
94,15,234.86,574.04,55.68,142.68,0.5421,-1,-1,-1
94,30,364.46,553.98,38.60,129.31,0.4128,-1,-1,-1
94,31,41.54,580.80,64.06,140.38,0.2337,-1,-1,-1
94,32,392.24,556.58,45.25,129.21,0.6202,-1,-1,-1
94,34,332.36,582.96,31.97,90.95,0.4827,-1,-1,-1
94,17,1697.29,540.74,38.88,81.63,0.3709,-1,-1,-1
95,2,1692.18,611.33,74.89,189.33,0.7915,-1,-1,-1
95,6,173.68,563.37,53.93,155.44,0.6019,-1,-1,-1
95,15,227.04,578.20,57.13,140.38,0.5212,-1,-1,-1
95,30,358.95,561.79,37.25,122.01,0.2499,-1,-1,-1
95,32,387.16,558.33,45.00,128.97,0.5344,-1,-1,-1
95,34,323.30,585.78,32.15,90.80,0.2524,-1,-1,-1
95,17,1694.60,542.11,40.74,90.43,0.4892,-1,-1,-1
96,2,1695.65,611.57,75.01,190.71,0.7886,-1,-1,-1
96,6,165.45,573.49,54.56,150.13,0.4634,-1,-1,-1
96,15,221.27,582.31,54.03,141.66,0.5758,-1,-1,-1
96,30,352.80,560.54,35.10,127.43,0.3449,-1,-1,-1
96,32,380.24,565.49,44.43,125.61,0.4838,-1,-1,-1
96,34,316.20,586.02,32.15,89.26,0.4530,-1,-1,-1
96,17,1693.33,541.27,43.16,95.09,0.5265,-1,-1,-1
97,2,1699.29,613.13,76.19,192.57,0.7860,-1,-1,-1
97,6,159.29,577.46,53.02,142.93,0.5563,-1,-1,-1
97,15,212.88,579.20,55.87,143.93,0.6522,-1,-1,-1
97,30,344.14,553.94,38.23,132.88,0.4801,-1,-1,-1
97,32,372.45,558.80,46.63,131.82,0.5171,-1,-1,-1
97,34,308.54,579.34,33.67,96.43,0.5859,-1,-1,-1
97,17,1692.29,543.73,42.82,95.57,0.5334,-1,-1,-1
98,2,1704.00,613.35,76.80,195.62,0.7919,-1,-1,-1
98,6,151.18,582.26,53.39,143.67,0.5599,-1,-1,-1
98,15,203.82,581.81,55.58,145.57,0.6216,-1,-1,-1
98,30,336.06,560.25,39.26,130.97,0.3058,-1,-1,-1
98,32,365.84,575.48,45.97,117.18,0.6109,-1,-1,-1
98,34,299.93,588.00,34.08,91.33,0.1682,-1,-1,-1
98,17,1690.91,545.10,41.56,96.53,0.5095,-1,-1,-1
99,2,1706.56,614.85,78.14,197.44,0.7603,-1,-1,-1
99,6,143.11,581.17,54.07,143.05,0.4824,-1,-1,-1
99,15,197.37,578.55,54.23,147.66,0.6654,-1,-1,-1
99,30,329.61,557.05,37.27,132.65,0.4519,-1,-1,-1
99,32,358.82,569.55,46.30,122.90,0.5577,-1,-1,-1
99,34,291.01,588.55,34.22,88.85,0.4879,-1,-1,-1
99,17,1688.58,545.71,42.11,101.78,0.5021,-1,-1,-1
100,2,1709.22,613.72,80.25,199.81,0.7946,-1,-1,-1
100,6,131.87,584.21,56.15,140.97,0.5672,-1,-1,-1
100,15,188.91,585.54,54.81,143.64,0.6085,-1,-1,-1
100,30,320.02,560.54,38.90,132.31,0.4082,-1,-1,-1
100,32,348.74,575.06,50.13,119.72,0.5459,-1,-1,-1
100,34,281.44,588.46,35.22,94.26,0.5926,-1,-1,-1
100,17,1685.77,547.14,42.53,102.64,0.6411,-1,-1,-1
101,2,1711.15,616.15,80.91,202.25,0.7865,-1,-1,-1
101,6,124.12,579.86,57.65,143.69,0.6033,-1,-1,-1
101,15,180.23,582.72,57.32,145.08,0.5850,-1,-1,-1
101,30,310.38,571.88,37.71,119.61,0.3813,-1,-1,-1
101,32,340.68,571.97,49.74,121.57,0.5708,-1,-1,-1
101,34,273.09,588.46,34.01,92.17,0.4470,-1,-1,-1
101,17,1684.60,549.77,40.06,104.09,0.7197,-1,-1,-1
101,39,434.31,561.35,34.19,107.39,0.3740,-1,-1,-1
102,2,1713.16,619.15,82.36,200.94,0.8136,-1,-1,-1
102,6,115.13,581.47,57.93,145.54,0.6262,-1,-1,-1
102,15,172.03,583.58,57.53,145.25,0.5693,-1,-1,-1
102,30,302.29,578.46,36.14,114.72,0.3031,-1,-1,-1
102,32,332.48,574.98,49.49,120.70,0.6190,-1,-1,-1
102,34,262.88,592.60,35.55,89.33,0.5423,-1,-1,-1
102,17,1683.95,549.81,37.99,104.46,0.7410,-1,-1,-1
102,39,431.06,561.61,31.54,110.21,0.3856,-1,-1,-1
102,41,389.34,573.71,43.17,126.20,0.3721,-1,-1,-1
103,2,1714.33,619.05,85.27,204.72,0.8262,-1,-1,-1
103,6,106.41,579.15,57.59,148.99,0.5525,-1,-1,-1
103,15,164.55,586.94,57.56,143.24,0.5183,-1,-1,-1
103,30,294.16,568.53,39.48,125.93,0.2903,-1,-1,-1
103,32,326.06,574.56,51.73,120.80,0.4853,-1,-1,-1
103,34,255.71,590.19,36.21,96.56,0.4423,-1,-1,-1
103,17,1683.20,549.83,36.75,103.80,0.7190,-1,-1,-1
103,39,423.49,561.56,31.38,108.60,0.3369,-1,-1,-1
103,41,384.94,571.12,40.26,128.21,0.3381,-1,-1,-1
103,42,1546.06,519.48,25.15,79.32,0.4540,-1,-1,-1
104,2,1715.64,623.92,86.60,207.03,0.8178,-1,-1,-1
104,6,95.99,576.69,58.26,149.79,0.5657,-1,-1,-1
104,15,154.96,589.02,52.87,139.15,0.4258,-1,-1,-1
104,30,284.36,580.89,38.05,113.91,0.2651,-1,-1,-1
104,32,316.24,576.84,50.98,117.41,0.3580,-1,-1,-1
104,34,247.66,589.37,36.13,93.38,0.3085,-1,-1,-1
104,17,1682.35,551.58,35.56,103.70,0.7075,-1,-1,-1
104,39,415.50,558.25,33.44,107.60,0.4466,-1,-1,-1
104,41,374.32,574.12,40.71,125.24,0.4726,-1,-1,-1
104,42,1545.39,521.73,23.10,77.01,0.3727,-1,-1,-1
105,2,1717.71,624.05,87.19,209.61,0.8057,-1,-1,-1
105,6,87.92,579.26,57.93,149.40,0.6009,-1,-1,-1
105,15,146.34,587.46,57.51,142.56,0.5509,-1,-1,-1
105,30,276.70,567.98,42.99,129.94,0.2310,-1,-1,-1
105,32,306.27,568.68,53.01,128.60,0.5166,-1,-1,-1
105,34,238.43,591.77,37.22,92.21,0.4489,-1,-1,-1
105,17,1681.22,549.67,34.84,104.33,0.6655,-1,-1,-1
105,39,408.54,559.02,34.45,114.63,0.4024,-1,-1,-1
105,41,367.60,570.42,40.96,131.77,0.3747,-1,-1,-1
105,42,1540.54,521.81,24.76,71.79,0.2296,-1,-1,-1
105,25,23.90,580.30,54.37,144.49,0.4171,-1,-1,-1
106,2,1722.69,625.87,85.90,212.19,0.7799,-1,-1,-1
106,6,77.98,574.92,56.39,153.06,0.5599,-1,-1,-1
106,15,138.66,577.86,59.25,151.49,0.5310,-1,-1,-1
106,30,266.11,579.93,42.63,120.33,0.2788,-1,-1,-1
106,32,298.86,566.75,52.33,130.01,0.5016,-1,-1,-1
106,34,228.17,589.59,36.66,95.33,0.3598,-1,-1,-1
106,17,1678.98,549.47,34.20,106.16,0.6087,-1,-1,-1
106,39,402.39,558.22,32.58,114.05,0.2996,-1,-1,-1
106,41,360.53,567.06,39.98,135.21,0.5134,-1,-1,-1
106,42,1535.95,522.45,25.64,72.45,0.3972,-1,-1,-1
106,25,15.30,578.55,55.73,144.16,0.2680,-1,-1,-1
107,2,1726.27,623.26,85.10,216.14,0.7890,-1,-1,-1
107,6,68.62,573.13,58.23,155.51,0.5917,-1,-1,-1
107,15,130.57,583.35,56.87,147.09,0.4010,-1,-1,-1
107,30,257.64,586.79,39.15,115.93,0.3930,-1,-1,-1
107,32,288.63,560.28,53.48,137.44,0.4681,-1,-1,-1
107,34,219.13,591.10,38.59,97.26,0.5192,-1,-1,-1
107,17,1677.49,547.24,32.76,106.39,0.5536,-1,-1,-1
107,39,394.24,560.37,34.07,108.37,0.5080,-1,-1,-1
107,41,352.00,562.91,42.04,140.59,0.5354,-1,-1,-1
107,42,1533.02,520.80,27.67,75.63,0.4412,-1,-1,-1
107,25,8.43,577.04,52.78,144.62,0.3999,-1,-1,-1
108,2,1728.76,628.04,84.91,218.04,0.8030,-1,-1,-1
108,6,55.21,568.16,63.06,160.12,0.5359,-1,-1,-1
108,15,121.23,576.31,55.29,152.89,0.4990,-1,-1,-1
108,32,278.93,557.74,54.30,141.01,0.5478,-1,-1,-1
108,34,210.03,587.04,37.50,100.42,0.5889,-1,-1,-1
108,17,1676.63,549.15,31.20,107.11,0.4694,-1,-1,-1
108,39,388.79,559.46,34.26,106.12,0.4565,-1,-1,-1
108,41,342.58,561.80,44.37,141.92,0.5371,-1,-1,-1
108,42,1531.85,523.99,26.18,74.99,0.3922,-1,-1,-1
108,25,0.52,574.33,52.85,148.77,0.4789,-1,-1,-1
109,2,1730.87,628.34,86.08,221.44,0.8076,-1,-1,-1
109,6,44.98,569.34,63.62,160.20,0.4893,-1,-1,-1
109,15,113.39,574.79,57.84,156.61,0.4129,-1,-1,-1
109,32,268.18,566.95,55.36,136.79,0.4146,-1,-1,-1
109,34,200.77,588.44,37.58,104.47,0.5079,-1,-1,-1
109,17,1675.10,549.20,30.51,107.17,0.5373,-1,-1,-1
109,39,381.33,558.72,35.23,111.07,0.4563,-1,-1,-1
109,41,336.25,557.50,42.43,148.67,0.5920,-1,-1,-1
109,42,1527.50,522.94,26.77,74.60,0.3971,-1,-1,-1
109,25,-2.01,574.81,45.65,154.06,0.3691,-1,-1,-1
110,2,1732.29,629.39,86.37,224.93,0.8127,-1,-1,-1
110,6,32.22,567.05,68.18,162.19,0.5921,-1,-1,-1
110,15,103.76,571.96,56.40,158.53,0.5837,-1,-1,-1
110,32,254.84,556.40,58.93,146.90,0.5140,-1,-1,-1
110,34,190.72,587.06,38.75,105.33,0.5302,-1,-1,-1
110,17,1674.03,550.60,28.97,107.72,0.3544,-1,-1,-1
110,39,374.01,557.15,35.11,109.12,0.4486,-1,-1,-1
110,41,326.67,561.75,44.10,143.55,0.6133,-1,-1,-1
110,42,1524.03,523.95,26.46,70.64,0.2786,-1,-1,-1
110,25,-2.22,571.94,35.96,154.60,0.3812,-1,-1,-1
111,2,1733.57,629.58,87.73,227.48,0.8115,-1,-1,-1
111,6,20.97,563.69,71.55,166.88,0.6223,-1,-1,-1
111,15,94.09,568.23,58.85,164.68,0.5886,-1,-1,-1
111,32,247.29,559.49,58.09,145.10,0.4755,-1,-1,-1
111,34,181.00,589.31,38.01,107.13,0.4031,-1,-1,-1
111,17,1670.96,552.37,30.12,106.55,0.2385,-1,-1,-1
111,39,366.38,558.63,36.15,109.14,0.4498,-1,-1,-1
111,41,318.50,571.19,42.43,135.48,0.5317,-1,-1,-1
111,42,1519.91,524.15,26.74,64.91,0.2104,-1,-1,-1
112,2,1734.83,632.25,89.63,228.23,0.8080,-1,-1,-1
112,6,9.37,566.55,76.44,166.05,0.5341,-1,-1,-1
112,15,84.36,572.63,59.56,161.69,0.5701,-1,-1,-1
112,32,238.56,567.47,56.26,138.85,0.5937,-1,-1,-1
112,34,170.84,592.58,36.59,103.58,0.4825,-1,-1,-1
112,39,357.43,559.55,36.87,111.58,0.5559,-1,-1,-1
112,41,307.85,570.88,41.50,138.64,0.5582,-1,-1,-1
113,2,1735.34,634.40,90.58,229.94,0.8039,-1,-1,-1
113,6,1.17,560.84,74.07,173.03,0.5961,-1,-1,-1
113,15,75.47,576.67,57.39,160.35,0.5790,-1,-1,-1
113,32,231.16,575.32,54.22,134.22,0.6197,-1,-1,-1
113,34,161.67,595.31,37.33,103.42,0.5199,-1,-1,-1
113,39,349.61,562.07,36.64,111.61,0.4348,-1,-1,-1
113,41,298.89,572.26,39.38,139.69,0.6007,-1,-1,-1
114,2,1737.52,635.06,90.23,230.98,0.7984,-1,-1,-1
114,6,1.03,571.49,62.79,164.21,0.5476,-1,-1,-1
114,15,63.19,567.94,59.62,169.22,0.6499,-1,-1,-1
114,32,218.77,580.94,55.00,129.34,0.5789,-1,-1,-1
114,34,151.55,597.45,34.87,102.95,0.6192,-1,-1,-1
114,39,341.25,564.56,36.71,109.53,0.5104,-1,-1,-1
114,41,290.25,571.97,41.48,141.17,0.4919,-1,-1,-1
115,2,1739.23,636.51,91.12,231.80,0.7915,-1,-1,-1
115,6,0.95,573.63,54.51,162.31,0.4662,-1,-1,-1
115,15,52.90,565.83,60.02,173.02,0.6516,-1,-1,-1
115,32,202.05,571.45,61.54,139.07,0.5423,-1,-1,-1
115,34,141.68,596.90,36.55,105.24,0.6164,-1,-1,-1
115,39,333.42,564.24,37.82,111.69,0.6417,-1,-1,-1
115,41,280.03,578.88,38.50,136.15,0.5716,-1,-1,-1
116,2,1741.08,636.43,91.70,234.96,0.7989,-1,-1,-1
116,6,-2.16,582.11,51.23,157.94,0.6271,-1,-1,-1
116,15,43.76,571.82,58.29,170.22,0.6052,-1,-1,-1
116,32,195.78,575.68,58.61,140.47,0.5416,-1,-1,-1
116,34,130.57,599.47,35.32,103.81,0.5737,-1,-1,-1
116,39,323.79,567.32,39.13,110.88,0.6120,-1,-1,-1
116,41,270.97,579.92,37.72,137.68,0.4738,-1,-1,-1
117,2,1741.44,638.66,93.75,238.28,0.8085,-1,-1,-1
117,6,-2.40,583.91,43.59,157.37,0.6280,-1,-1,-1
117,15,32.68,573.70,59.38,170.38,0.5951,-1,-1,-1
117,32,186.20,570.57,58.61,145.86,0.4908,-1,-1,-1
117,34,119.28,600.01,36.98,101.59,0.5760,-1,-1,-1
117,39,314.57,566.88,40.60,112.68,0.5427,-1,-1,-1
117,41,259.42,566.09,39.05,152.68,0.6098,-1,-1,-1
118,2,1742.78,637.39,95.80,243.99,0.8036,-1,-1,-1
118,6,-2.26,588.97,33.32,154.85,0.4959,-1,-1,-1
118,15,22.09,577.23,60.22,169.60,0.5140,-1,-1,-1
118,32,179.60,580.74,54.39,139.30,0.5471,-1,-1,-1
118,34,109.76,600.72,37.63,104.91,0.5085,-1,-1,-1
118,39,308.48,561.72,38.66,118.66,0.6467,-1,-1,-1
118,41,249.40,571.16,38.44,151.63,0.6612,-1,-1,-1
119,2,1745.55,639.70,99.18,246.02,0.8215,-1,-1,-1
119,6,-1.49,596.10,21.98,150.14,0.2037,-1,-1,-1
119,15,11.27,572.62,61.60,177.62,0.5951,-1,-1,-1
119,32,169.46,579.33,54.18,144.48,0.4578,-1,-1,-1
119,34,100.10,601.71,35.09,105.56,0.4756,-1,-1,-1
119,39,299.65,563.42,39.70,118.48,0.5508,-1,-1,-1
119,41,239.65,565.40,40.21,159.65,0.6096,-1,-1,-1
119,43,1742.82,566.09,46.92,97.71,0.3530,-1,-1,-1
120,2,1747.88,643.77,103.24,245.57,0.8126,-1,-1,-1
120,15,4.89,565.42,58.00,188.08,0.5784,-1,-1,-1
120,32,158.51,582.83,53.50,143.94,0.6007,-1,-1,-1
120,34,89.52,601.66,34.11,111.08,0.4243,-1,-1,-1
120,39,290.71,561.74,40.00,123.18,0.5785,-1,-1,-1
120,41,226.78,571.38,42.33,157.35,0.6484,-1,-1,-1
120,43,1742.43,558.83,43.97,107.86,0.4102,-1,-1,-1
121,2,1751.45,645.23,104.16,248.33,0.8092,-1,-1,-1
121,15,-0.54,555.49,55.68,197.47,0.5797,-1,-1,-1
121,32,146.87,586.14,56.03,140.59,0.5885,-1,-1,-1
121,34,78.70,601.89,35.88,112.48,0.5915,-1,-1,-1
121,39,286.03,563.19,37.49,120.03,0.6308,-1,-1,-1
121,41,217.62,570.12,43.16,160.92,0.5591,-1,-1,-1
121,43,1741.32,555.31,43.67,113.84,0.4363,-1,-1,-1
122,2,1755.63,646.10,101.99,251.84,0.8083,-1,-1,-1
122,15,-3.43,555.82,48.82,200.03,0.6185,-1,-1,-1
122,32,138.88,592.88,53.55,140.78,0.5101,-1,-1,-1
122,34,67.30,605.16,36.01,110.90,0.4069,-1,-1,-1
122,39,275.49,564.22,40.16,120.60,0.6008,-1,-1,-1
122,41,205.11,573.47,46.91,159.91,0.6580,-1,-1,-1
122,43,1739.96,553.36,42.82,117.33,0.3941,-1,-1,-1
123,2,1760.09,649.72,98.70,254.49,0.8086,-1,-1,-1
123,15,-2.96,568.25,41.49,187.76,0.5678,-1,-1,-1
123,32,128.67,598.78,56.28,139.32,0.4503,-1,-1,-1
123,34,54.91,607.76,37.69,115.13,0.3156,-1,-1,-1
123,39,266.55,559.71,42.11,128.82,0.6607,-1,-1,-1
123,41,194.53,580.91,49.23,154.90,0.5960,-1,-1,-1
123,43,1739.55,554.67,42.11,119.61,0.4080,-1,-1,-1
124,2,1764.30,649.36,98.36,259.50,0.8160,-1,-1,-1
124,15,-2.98,587.88,30.42,170.59,0.4856,-1,-1,-1
124,34,42.62,608.95,37.71,116.70,0.3101,-1,-1,-1
124,39,260.25,567.45,39.36,123.06,0.5866,-1,-1,-1
124,41,184.44,587.76,48.29,150.08,0.6279,-1,-1,-1
124,43,1739.24,555.07,42.39,117.55,0.4155,-1,-1,-1
124,30,97.12,583.22,52.96,151.05,0.4444,-1,-1,-1
125,2,1768.96,648.54,102.03,262.12,0.8160,-1,-1,-1
125,34,31.61,611.35,36.20,114.37,0.4599,-1,-1,-1
125,39,251.34,570.19,39.95,121.25,0.5345,-1,-1,-1
125,41,173.81,590.35,50.97,149.20,0.6423,-1,-1,-1
125,43,1737.10,554.49,42.42,118.72,0.3317,-1,-1,-1
125,30,87.07,580.84,51.73,150.27,0.3180,-1,-1,-1
125,28,0.06,619.15,25.81,103.08,0.3789,-1,-1,-1
126,2,1773.22,650.70,103.76,263.11,0.8114,-1,-1,-1
126,34,20.41,614.42,38.13,113.39,0.4120,-1,-1,-1
126,39,243.04,567.63,39.93,126.30,0.5828,-1,-1,-1
126,41,161.32,595.74,53.56,146.75,0.5843,-1,-1,-1
126,43,1731.54,554.92,42.09,111.55,0.2660,-1,-1,-1
126,30,77.46,584.79,52.38,147.13,0.2776,-1,-1,-1
127,2,1777.39,651.49,104.91,266.19,0.8200,-1,-1,-1
127,34,5.37,621.36,38.46,106.62,0.3591,-1,-1,-1
127,39,235.92,569.98,39.06,126.22,0.5794,-1,-1,-1
127,41,152.76,600.94,51.93,145.09,0.5949,-1,-1,-1
127,43,1728.20,555.92,42.37,108.31,0.3420,-1,-1,-1
127,32,83.24,622.91,58.10,119.40,0.4737,-1,-1,-1
128,2,1780.73,653.66,106.59,267.60,0.8193,-1,-1,-1
128,34,-2.11,621.38,32.15,109.33,0.3408,-1,-1,-1
128,39,225.40,563.20,40.54,133.39,0.6125,-1,-1,-1
128,41,141.52,603.02,54.15,144.50,0.5498,-1,-1,-1
128,43,1727.00,557.21,41.38,107.38,0.4015,-1,-1,-1
128,49,546.70,527.86,32.41,68.72,0.4191,-1,-1,-1
128,32,71.47,623.47,59.13,119.41,0.4675,-1,-1,-1
129,2,1785.41,656.08,110.79,269.47,0.8236,-1,-1,-1
129,34,-3.61,623.46,23.36,109.30,0.3118,-1,-1,-1
129,39,218.27,566.26,39.82,133.29,0.5914,-1,-1,-1
129,41,130.81,600.60,52.23,150.76,0.5154,-1,-1,-1
129,43,1726.47,556.71,39.27,109.04,0.3780,-1,-1,-1
129,49,543.88,528.53,29.29,68.32,0.3434,-1,-1,-1
129,32,63.30,623.16,55.99,122.96,0.3575,-1,-1,-1
130,2,1787.92,657.99,115.09,272.01,0.8219,-1,-1,-1
130,39,209.55,565.59,40.83,135.48,0.5546,-1,-1,-1
130,41,117.26,603.54,58.34,151.10,0.3295,-1,-1,-1
130,43,1724.62,556.64,36.61,114.42,0.3986,-1,-1,-1
130,49,540.41,526.86,25.76,71.84,0.2984,-1,-1,-1
130,32,49.07,622.78,56.91,126.72,0.3906,-1,-1,-1
130,30,29.44,586.63,52.29,158.47,0.4398,-1,-1,-1
131,2,1791.13,659.38,118.08,276.73,0.8319,-1,-1,-1
131,39,200.69,572.29,41.07,129.48,0.4724,-1,-1,-1
131,41,105.41,599.82,51.36,156.61,0.4307,-1,-1,-1
131,43,1717.58,557.18,41.66,118.68,0.4683,-1,-1,-1
131,49,533.93,526.13,28.28,72.32,0.4063,-1,-1,-1
131,32,38.42,626.08,58.66,126.16,0.1906,-1,-1,-1
131,30,14.67,587.83,53.91,153.60,0.4849,-1,-1,-1
132,2,1796.00,661.03,120.32,283.65,0.8652,-1,-1,-1
132,39,191.75,569.75,41.38,133.49,0.6432,-1,-1,-1
132,41,94.46,599.28,47.66,160.54,0.4306,-1,-1,-1
132,43,1714.53,555.54,43.56,120.39,0.4538,-1,-1,-1
132,49,527.91,526.55,28.95,72.33,0.2605,-1,-1,-1
132,32,22.57,629.17,63.42,123.66,0.1640,-1,-1,-1
132,30,2.51,585.51,52.57,159.19,0.5510,-1,-1,-1
133,2,1802.30,663.00,117.55,289.39,0.8824,-1,-1,-1
133,39,182.05,566.66,43.87,136.12,0.5320,-1,-1,-1
133,41,80.31,595.15,49.29,167.72,0.5457,-1,-1,-1
133,43,1712.47,556.83,45.20,120.76,0.4478,-1,-1,-1
133,49,523.71,527.31,30.53,71.87,0.4531,-1,-1,-1
133,32,12.85,629.03,60.89,131.30,0.3583,-1,-1,-1
133,30,-2.79,587.70,45.96,162.31,0.3456,-1,-1,-1
134,2,1807.24,665.03,113.99,294.75,0.8508,-1,-1,-1
134,39,173.41,567.23,42.18,138.31,0.5591,-1,-1,-1
134,41,50.73,580.91,66.55,188.11,0.4959,-1,-1,-1
134,43,1710.18,556.04,46.44,120.79,0.4811,-1,-1,-1
134,49,520.63,529.06,27.20,72.21,0.4260,-1,-1,-1
134,32,1.24,629.37,57.28,136.67,0.4838,-1,-1,-1
135,2,1811.15,665.93,110.24,301.32,0.8147,-1,-1,-1
135,39,165.73,569.83,40.83,138.20,0.5435,-1,-1,-1
135,41,32.42,574.44,74.08,198.23,0.5413,-1,-1,-1
135,43,1705.77,554.75,49.92,120.56,0.5032,-1,-1,-1
135,49,514.96,528.22,28.73,73.60,0.5474,-1,-1,-1
135,32,-3.37,621.09,50.19,146.78,0.5673,-1,-1,-1
136,2,1817.19,669.40,104.16,305.20,0.8375,-1,-1,-1
136,39,157.21,567.60,41.16,140.71,0.3930,-1,-1,-1
136,41,22.23,573.82,75.21,200.87,0.5249,-1,-1,-1
136,43,1701.49,555.79,50.72,116.35,0.4715,-1,-1,-1
136,49,509.22,527.15,28.23,73.91,0.5365,-1,-1,-1
136,32,-4.03,622.14,39.72,146.83,0.6005,-1,-1,-1
137,2,1823.69,677.44,97.88,307.37,0.7742,-1,-1,-1
137,39,148.48,572.91,40.33,137.78,0.4034,-1,-1,-1
137,41,15.76,573.26,70.58,204.61,0.6259,-1,-1,-1
137,43,1699.55,555.66,51.04,115.16,0.5034,-1,-1,-1
137,49,503.48,527.31,29.24,75.47,0.5479,-1,-1,-1
137,32,-3.26,634.57,29.22,138.00,0.4698,-1,-1,-1
138,2,1830.09,679.42,90.98,310.78,0.7835,-1,-1,-1
138,39,140.54,572.17,40.80,139.62,0.4940,-1,-1,-1
138,41,9.47,571.89,64.59,206.09,0.6375,-1,-1,-1
138,43,1697.73,556.12,50.98,113.82,0.4897,-1,-1,-1
138,49,499.78,529.62,29.94,73.40,0.5814,-1,-1,-1
138,52,1570.66,558.09,44.49,105.97,0.5702,-1,-1,-1
139,2,1833.53,680.03,87.32,315.56,0.7701,-1,-1,-1
139,41,2.00,575.39,59.12,203.07,0.6160,-1,-1,-1
139,43,1696.86,556.71,49.71,111.17,0.5073,-1,-1,-1
139,49,495.16,528.07,27.61,72.95,0.4401,-1,-1,-1
139,52,1568.73,554.74,39.65,108.85,0.5947,-1,-1,-1
140,2,1840.06,682.49,80.87,312.76,0.7505,-1,-1,-1
140,41,-2.66,574.87,51.66,210.80,0.6252,-1,-1,-1
140,43,1697.43,553.18,48.04,114.87,0.5277,-1,-1,-1
140,49,490.42,527.08,28.54,73.58,0.4968,-1,-1,-1
140,52,1566.70,550.76,37.21,111.42,0.6625,-1,-1,-1
140,39,122.24,562.69,42.05,152.69,0.3746,-1,-1,-1
141,2,1847.08,680.12,73.79,312.22,0.6799,-1,-1,-1
141,41,-3.79,579.12,41.44,208.72,0.5907,-1,-1,-1
141,43,1698.65,551.72,45.44,115.98,0.4524,-1,-1,-1
141,49,485.49,527.76,27.71,73.90,0.5268,-1,-1,-1
141,52,1563.40,549.75,38.21,111.66,0.7275,-1,-1,-1
142,2,1854.31,693.10,66.57,300.21,0.6423,-1,-1,-1
142,43,1700.93,554.75,41.88,114.77,0.4370,-1,-1,-1
142,49,480.82,527.35,28.43,75.22,0.4995,-1,-1,-1
142,52,1560.35,551.14,40.05,108.56,0.6806,-1,-1,-1
142,53,399.60,531.11,26.09,64.44,0.3643,-1,-1,-1
143,2,1860.20,703.42,59.75,297.15,0.5927,-1,-1,-1
143,43,1699.43,561.01,40.81,110.06,0.3686,-1,-1,-1
143,49,476.59,526.85,30.74,73.96,0.5369,-1,-1,-1
143,52,1556.92,553.31,40.26,109.26,0.5899,-1,-1,-1
143,53,394.71,530.08,25.31,63.52,0.2226,-1,-1,-1
144,2,1866.63,715.00,53.39,263.80,0.4746,-1,-1,-1
144,43,1696.85,566.39,41.88,107.75,0.4585,-1,-1,-1
144,49,473.24,527.54,28.43,75.01,0.5946,-1,-1,-1
144,52,1554.33,556.12,38.08,109.42,0.7093,-1,-1,-1
144,53,385.84,529.31,27.76,66.01,0.2881,-1,-1,-1
145,2,1873.69,730.66,45.60,237.83,0.2559,-1,-1,-1
145,43,1694.27,570.15,42.41,107.09,0.6018,-1,-1,-1
145,49,467.95,527.13,28.53,74.21,0.5255,-1,-1,-1
145,52,1549.12,557.73,37.33,108.19,0.6957,-1,-1,-1
145,53,381.51,528.98,28.13,65.38,0.4090,-1,-1,-1
146,43,1693.34,573.09,42.62,102.37,0.6214,-1,-1,-1
146,49,463.68,526.14,27.99,74.67,0.5848,-1,-1,-1
146,52,1545.34,555.99,38.50,110.32,0.6497,-1,-1,-1
146,53,378.81,529.28,27.01,64.62,0.4055,-1,-1,-1
147,43,1691.40,574.58,41.57,103.27,0.5343,-1,-1,-1
147,49,457.19,526.67,29.25,75.72,0.5244,-1,-1,-1
147,52,1540.74,557.47,39.13,109.72,0.6766,-1,-1,-1
147,53,372.25,530.76,28.05,65.28,0.3213,-1,-1,-1
148,43,1684.80,571.35,45.81,105.39,0.4709,-1,-1,-1
148,49,452.75,528.86,29.98,74.26,0.5903,-1,-1,-1
148,52,1532.19,555.16,44.67,112.65,0.6901,-1,-1,-1
148,53,363.88,529.68,28.87,66.64,0.3125,-1,-1,-1
149,43,1681.04,570.53,44.23,105.39,0.6105,-1,-1,-1
149,49,447.96,529.35,29.15,74.89,0.5575,-1,-1,-1
149,52,1520.73,554.25,52.78,113.62,0.6863,-1,-1,-1
149,53,357.95,529.84,30.36,67.75,0.3715,-1,-1,-1
150,43,1679.35,567.37,43.03,106.99,0.6682,-1,-1,-1
150,49,442.76,528.58,29.81,76.43,0.5841,-1,-1,-1
150,52,1512.87,558.03,58.21,109.69,0.7187,-1,-1,-1
150,53,355.12,530.16,28.60,68.07,0.4075,-1,-1,-1
151,43,1675.68,567.09,43.09,107.51,0.5866,-1,-1,-1
151,49,435.47,527.88,30.44,77.96,0.5415,-1,-1,-1
151,52,1509.02,559.39,58.25,109.05,0.7009,-1,-1,-1
151,53,348.98,532.99,28.70,68.17,0.3415,-1,-1,-1
152,43,1672.61,566.75,43.10,105.74,0.5131,-1,-1,-1
152,49,429.14,529.79,30.96,76.99,0.5592,-1,-1,-1
152,52,1506.80,558.00,56.23,110.42,0.6990,-1,-1,-1
152,53,345.52,535.81,25.58,65.83,0.1729,-1,-1,-1
153,43,1673.00,566.39,38.57,97.04,0.4089,-1,-1,-1
153,49,424.03,530.23,28.87,75.41,0.5252,-1,-1,-1
153,52,1501.84,557.05,57.42,110.14,0.6614,-1,-1,-1
153,53,337.20,536.07,28.52,65.69,0.3114,-1,-1,-1
154,43,1672.19,570.59,34.56,89.71,0.2669,-1,-1,-1
154,49,417.06,532.13,30.09,76.83,0.5157,-1,-1,-1
154,52,1497.16,553.74,53.82,113.19,0.6689,-1,-1,-1
154,53,331.22,538.68,27.06,65.36,0.2296,-1,-1,-1
155,49,410.84,530.34,29.73,79.29,0.5748,-1,-1,-1
155,52,1491.77,552.34,50.71,113.10,0.6495,-1,-1,-1
155,53,325.16,539.22,26.81,66.19,0.2823,-1,-1,-1
156,49,403.43,532.60,30.72,78.77,0.5339,-1,-1,-1
156,52,1487.59,550.47,46.88,115.38,0.6682,-1,-1,-1
157,49,397.75,534.95,30.29,77.78,0.5838,-1,-1,-1
157,52,1481.16,551.03,45.34,113.78,0.6720,-1,-1,-1
157,55,1301.64,521.33,30.35,72.48,0.3436,-1,-1,-1
158,49,392.84,535.84,29.10,78.76,0.5319,-1,-1,-1
158,52,1474.58,548.55,45.44,116.05,0.7304,-1,-1,-1
158,55,1297.31,520.90,31.02,73.92,0.3213,-1,-1,-1
158,56,1437.07,533.73,22.29,88.70,0.4271,-1,-1,-1
159,49,387.62,537.62,28.52,78.28,0.5667,-1,-1,-1
159,52,1469.85,546.24,44.28,117.88,0.7112,-1,-1,-1
159,55,1294.26,518.53,28.80,73.91,0.2481,-1,-1,-1
159,56,1432.52,532.99,23.22,89.76,0.2420,-1,-1,-1
160,49,380.40,538.80,30.43,79.50,0.5007,-1,-1,-1
160,52,1465.87,545.72,43.14,119.00,0.6753,-1,-1,-1
160,55,1284.41,519.29,34.76,74.16,0.2908,-1,-1,-1
161,49,376.50,538.64,30.10,79.30,0.4978,-1,-1,-1
161,52,1461.41,546.39,43.37,117.94,0.6508,-1,-1,-1
161,55,1283.56,517.80,31.59,75.88,0.3037,-1,-1,-1
162,49,371.15,539.58,31.25,78.41,0.5280,-1,-1,-1
162,52,1457.33,549.15,44.01,113.58,0.6770,-1,-1,-1
162,55,1277.32,524.10,32.11,71.24,0.1501,-1,-1,-1
163,49,364.79,540.64,31.54,79.73,0.4652,-1,-1,-1
163,52,1451.14,549.73,46.43,113.45,0.6457,-1,-1,-1
164,49,360.42,540.19,32.25,80.06,0.5371,-1,-1,-1
164,52,1446.79,548.79,47.13,114.24,0.6249,-1,-1,-1
165,49,355.23,541.58,32.13,80.49,0.5057,-1,-1,-1
165,52,1439.37,547.96,50.38,115.53,0.6663,-1,-1,-1
166,49,350.24,543.10,30.00,79.50,0.5511,-1,-1,-1
166,52,1433.91,548.22,50.45,115.55,0.6798,-1,-1,-1
167,49,345.33,543.28,30.90,78.81,0.6244,-1,-1,-1
167,52,1431.61,545.04,47.03,117.18,0.6658,-1,-1,-1
168,49,339.15,543.08,32.96,79.41,0.5757,-1,-1,-1
168,52,1428.35,543.32,44.47,117.22,0.6641,-1,-1,-1
169,49,334.42,543.69,34.02,79.06,0.5617,-1,-1,-1
169,52,1424.97,543.95,42.51,117.48,0.6759,-1,-1,-1
170,49,330.49,543.19,32.19,78.94,0.5520,-1,-1,-1
170,52,1421.02,540.60,41.71,120.24,0.6740,-1,-1,-1
171,49,325.39,543.70,32.05,77.91,0.5632,-1,-1,-1
171,52,1415.37,539.48,43.84,123.27,0.5670,-1,-1,-1
172,49,320.79,541.94,31.56,78.11,0.5779,-1,-1,-1
172,52,1410.83,535.48,43.23,125.80,0.6204,-1,-1,-1
173,49,315.27,541.24,32.89,80.85,0.5737,-1,-1,-1
173,52,1406.13,532.80,43.79,128.47,0.5631,-1,-1,-1
174,49,310.94,542.81,34.19,79.40,0.6001,-1,-1,-1
174,52,1402.43,531.19,45.39,131.03,0.6384,-1,-1,-1
175,49,306.60,541.63,34.93,79.73,0.4848,-1,-1,-1
175,52,1393.86,532.08,52.21,131.49,0.6645,-1,-1,-1
176,49,302.00,542.09,34.36,80.60,0.5860,-1,-1,-1
176,52,1388.14,534.64,55.33,129.55,0.6767,-1,-1,-1
177,49,297.22,542.03,34.91,78.49,0.6517,-1,-1,-1
177,52,1384.54,534.34,56.30,130.39,0.7054,-1,-1,-1
178,49,293.27,542.42,34.38,80.92,0.6082,-1,-1,-1
178,52,1384.84,534.73,53.99,130.59,0.6719,-1,-1,-1
179,49,289.34,540.89,34.82,82.98,0.6119,-1,-1,-1
179,52,1385.34,535.92,50.74,129.46,0.6810,-1,-1,-1
180,49,284.55,543.53,35.91,81.93,0.5634,-1,-1,-1
180,52,1384.01,535.33,49.17,130.35,0.7040,-1,-1,-1
180,58,1608.24,543.45,38.63,128.56,0.4055,-1,-1,-1
181,49,280.81,543.43,35.74,83.24,0.5570,-1,-1,-1
181,52,1383.41,536.39,44.21,127.98,0.7124,-1,-1,-1
181,58,1601.00,544.77,49.36,128.30,0.3670,-1,-1,-1
182,49,275.48,543.86,35.43,83.42,0.5938,-1,-1,-1
182,52,1379.95,537.02,43.51,127.76,0.7275,-1,-1,-1
182,58,1602.59,545.84,48.10,127.50,0.4360,-1,-1,-1
183,49,271.90,544.53,34.08,84.80,0.6421,-1,-1,-1
183,52,1375.99,536.78,43.87,128.52,0.7399,-1,-1,-1
183,58,1606.80,549.63,44.25,124.53,0.4207,-1,-1,-1
184,49,267.08,546.32,34.46,84.35,0.6225,-1,-1,-1
184,52,1373.17,536.03,43.10,129.44,0.7634,-1,-1,-1
184,58,1608.81,545.75,42.14,128.41,0.4364,-1,-1,-1
185,49,262.49,547.82,34.94,83.53,0.5510,-1,-1,-1
185,52,1370.57,534.62,43.87,131.36,0.7475,-1,-1,-1
185,58,1608.58,543.75,41.92,131.19,0.4627,-1,-1,-1
186,49,259.04,547.44,35.40,84.66,0.5228,-1,-1,-1
186,52,1369.21,534.22,42.63,132.37,0.7192,-1,-1,-1
186,58,1607.28,545.03,43.66,128.74,0.3661,-1,-1,-1
187,49,254.75,548.57,34.99,85.64,0.5690,-1,-1,-1
187,52,1366.72,533.69,42.57,133.12,0.7051,-1,-1,-1
187,58,1599.36,542.96,51.12,131.76,0.3333,-1,-1,-1
188,49,250.26,549.82,34.96,86.24,0.5666,-1,-1,-1
188,52,1364.52,534.18,43.63,134.26,0.6752,-1,-1,-1
188,58,1595.67,546.37,56.15,130.70,0.4374,-1,-1,-1
189,49,246.48,550.21,34.74,89.17,0.5181,-1,-1,-1
189,52,1359.29,532.58,48.09,137.33,0.6417,-1,-1,-1
189,58,1594.91,545.19,58.49,132.66,0.4622,-1,-1,-1
190,49,241.82,549.70,36.31,90.45,0.5532,-1,-1,-1
190,52,1356.29,533.64,50.14,136.06,0.6758,-1,-1,-1
190,58,1594.36,541.75,60.56,135.74,0.5133,-1,-1,-1
191,49,238.21,553.10,36.48,88.30,0.5020,-1,-1,-1
191,52,1353.59,534.60,51.73,135.29,0.6663,-1,-1,-1
191,58,1595.10,540.08,62.71,137.02,0.5088,-1,-1,-1
192,49,234.19,552.95,37.89,88.04,0.5345,-1,-1,-1
192,52,1351.59,539.77,51.50,129.54,0.6262,-1,-1,-1
192,58,1601.98,540.26,55.59,134.99,0.4879,-1,-1,-1
193,49,228.73,555.81,38.36,86.69,0.6065,-1,-1,-1
193,52,1349.74,540.89,51.79,130.00,0.6603,-1,-1,-1
193,58,1603.09,539.58,56.45,135.89,0.5483,-1,-1,-1
194,49,225.29,559.14,36.10,85.57,0.5888,-1,-1,-1
194,52,1347.98,541.99,50.12,128.66,0.6725,-1,-1,-1
194,58,1606.12,547.41,55.77,128.10,0.5190,-1,-1,-1
195,49,222.26,559.79,34.82,84.57,0.5122,-1,-1,-1
195,52,1345.92,541.40,49.28,129.63,0.6875,-1,-1,-1
195,58,1604.26,547.60,59.04,127.86,0.5450,-1,-1,-1
196,49,218.48,561.07,35.12,86.33,0.4654,-1,-1,-1
196,52,1345.51,542.17,47.26,130.84,0.6782,-1,-1,-1
196,58,1607.04,548.37,57.98,127.31,0.5421,-1,-1,-1
197,49,214.16,561.74,35.70,86.40,0.4672,-1,-1,-1
197,52,1345.19,541.44,45.44,131.79,0.6293,-1,-1,-1
197,58,1610.79,549.19,54.33,125.61,0.4579,-1,-1,-1
198,49,211.31,562.64,34.47,85.85,0.5394,-1,-1,-1
198,52,1345.06,542.67,43.57,128.66,0.4941,-1,-1,-1
198,58,1617.19,551.45,49.12,122.90,0.5008,-1,-1,-1
199,49,207.23,562.73,34.92,86.66,0.5186,-1,-1,-1
199,52,1344.11,543.66,43.55,126.74,0.6218,-1,-1,-1
199,58,1620.97,553.71,45.71,121.03,0.5727,-1,-1,-1
200,49,202.52,563.72,37.04,88.45,0.4726,-1,-1,-1
200,52,1342.56,544.84,44.62,126.58,0.6267,-1,-1,-1
200,58,1621.40,555.14,45.67,119.89,0.5277,-1,-1,-1
201,49,200.25,563.83,35.22,89.14,0.4735,-1,-1,-1
201,52,1341.38,547.70,44.77,124.00,0.6503,-1,-1,-1
201,58,1619.80,553.93,49.56,121.67,0.6185,-1,-1,-1
202,49,194.66,563.60,36.96,91.60,0.6059,-1,-1,-1
202,52,1339.67,548.74,45.48,124.43,0.6763,-1,-1,-1
202,58,1621.29,553.98,50.83,122.98,0.6072,-1,-1,-1
203,49,189.82,564.04,39.81,92.24,0.5574,-1,-1,-1
203,52,1337.30,551.38,47.33,120.86,0.7051,-1,-1,-1
203,58,1624.12,553.95,49.76,124.14,0.5664,-1,-1,-1
204,49,187.00,565.65,39.65,91.84,0.5613,-1,-1,-1
204,52,1336.23,551.31,47.85,121.24,0.7168,-1,-1,-1
204,58,1630.03,553.08,47.50,123.32,0.6135,-1,-1,-1
205,49,182.71,566.67,38.44,91.18,0.5739,-1,-1,-1
205,52,1335.15,547.86,47.67,124.60,0.7263,-1,-1,-1
205,58,1631.46,554.48,47.30,120.79,0.6115,-1,-1,-1
206,49,178.04,567.64,39.52,90.72,0.5752,-1,-1,-1
206,52,1335.07,547.99,47.29,125.21,0.7371,-1,-1,-1
206,58,1628.39,555.17,52.53,122.35,0.5101,-1,-1,-1
207,49,173.16,570.07,39.40,92.11,0.5725,-1,-1,-1
207,52,1334.18,549.28,47.07,126.38,0.7599,-1,-1,-1
207,58,1627.72,557.17,55.66,122.59,0.4882,-1,-1,-1
208,49,168.75,570.51,39.03,92.40,0.5600,-1,-1,-1
208,52,1332.83,547.94,48.67,128.82,0.7474,-1,-1,-1
208,58,1641.29,557.31,45.49,122.12,0.4171,-1,-1,-1
209,49,165.47,569.68,39.15,93.01,0.5244,-1,-1,-1
209,52,1331.41,545.36,49.38,132.12,0.7468,-1,-1,-1
209,58,1646.24,558.39,43.35,123.02,0.6142,-1,-1,-1
210,49,162.55,570.79,37.86,93.36,0.4564,-1,-1,-1
210,52,1330.39,543.25,49.06,134.35,0.7449,-1,-1,-1
210,58,1647.74,559.89,45.32,123.45,0.5731,-1,-1,-1
211,49,158.82,571.20,40.92,94.90,0.5727,-1,-1,-1
211,52,1330.01,545.20,47.83,133.76,0.7634,-1,-1,-1
211,58,1653.63,566.08,43.56,119.70,0.5296,-1,-1,-1
212,49,155.83,570.66,40.80,95.38,0.6044,-1,-1,-1
212,52,1328.57,546.31,48.76,132.36,0.7383,-1,-1,-1
212,58,1657.88,560.56,46.05,126.29,0.5281,-1,-1,-1
213,49,153.41,571.86,40.76,95.26,0.5522,-1,-1,-1
213,52,1328.88,548.40,49.10,131.70,0.7345,-1,-1,-1
213,58,1652.00,561.47,57.73,128.50,0.4816,-1,-1,-1
214,49,150.85,573.89,40.97,94.56,0.5941,-1,-1,-1
214,52,1329.88,547.38,49.27,133.42,0.6757,-1,-1,-1
214,58,1654.00,560.17,60.30,128.37,0.5132,-1,-1,-1
215,49,149.04,571.26,40.09,95.07,0.5917,-1,-1,-1
215,52,1330.37,547.96,49.49,134.89,0.6778,-1,-1,-1
215,58,1667.08,559.71,51.73,129.72,0.5428,-1,-1,-1
216,49,147.14,574.07,37.52,93.02,0.4253,-1,-1,-1
216,52,1331.81,550.16,48.68,134.96,0.6689,-1,-1,-1
216,58,1675.11,562.52,47.21,126.34,0.6051,-1,-1,-1
217,49,143.63,572.98,36.60,94.80,0.4762,-1,-1,-1
217,52,1332.89,550.25,48.70,135.52,0.7014,-1,-1,-1
217,58,1681.02,561.48,45.72,124.86,0.4835,-1,-1,-1
218,49,140.37,573.24,37.42,94.36,0.4896,-1,-1,-1
218,52,1335.13,549.11,47.69,135.56,0.7457,-1,-1,-1
218,58,1677.24,561.31,60.15,127.25,0.4890,-1,-1,-1
218,62,-0.63,578.18,20.12,84.23,0.4196,-1,-1,-1
219,49,139.83,572.82,38.32,94.90,0.4862,-1,-1,-1
219,52,1337.19,549.91,47.18,136.30,0.7612,-1,-1,-1
219,58,1689.69,561.38,53.13,126.29,0.5400,-1,-1,-1
219,62,-0.61,579.17,18.36,84.66,0.3336,-1,-1,-1
219,63,23.09,580.95,34.96,84.95,0.4326,-1,-1,-1
220,49,138.08,575.80,38.44,95.12,0.4596,-1,-1,-1
220,52,1338.96,548.69,48.13,138.33,0.7627,-1,-1,-1
220,58,1695.91,562.62,51.79,124.80,0.5392,-1,-1,-1
220,63,16.43,580.55,38.41,90.62,0.5612,-1,-1,-1
221,49,134.22,574.05,39.35,96.69,0.4649,-1,-1,-1
221,52,1342.06,547.99,47.66,141.10,0.7531,-1,-1,-1
221,58,1704.28,565.76,46.97,123.13,0.5218,-1,-1,-1
221,63,11.77,579.93,40.31,88.40,0.5348,-1,-1,-1
222,49,130.88,573.83,40.04,98.46,0.4811,-1,-1,-1
222,52,1345.71,545.62,45.62,140.11,0.7572,-1,-1,-1
222,58,1701.27,560.62,60.94,127.12,0.5033,-1,-1,-1
222,63,10.56,580.09,40.06,89.31,0.5541,-1,-1,-1
223,49,129.19,574.10,39.52,98.28,0.5022,-1,-1,-1
223,52,1347.43,546.70,46.50,140.03,0.7557,-1,-1,-1
223,58,1714.74,563.12,52.60,126.17,0.5336,-1,-1,-1
223,63,9.43,579.55,38.26,89.65,0.4608,-1,-1,-1
224,49,128.40,577.54,40.65,97.11,0.4719,-1,-1,-1
224,52,1348.94,544.19,47.29,141.22,0.7570,-1,-1,-1
224,58,1721.47,560.94,50.51,126.02,0.4782,-1,-1,-1
224,63,8.08,587.50,36.71,85.73,0.2199,-1,-1,-1
225,49,127.42,577.57,40.42,97.25,0.4994,-1,-1,-1
225,52,1350.96,545.58,48.02,139.21,0.7485,-1,-1,-1
225,58,1728.68,556.77,54.27,129.14,0.5429,-1,-1,-1
225,63,3.61,591.25,35.14,82.32,0.1935,-1,-1,-1
226,49,125.85,584.99,42.05,94.32,0.4238,-1,-1,-1
226,52,1352.51,546.68,48.11,137.65,0.7008,-1,-1,-1
226,58,1731.98,556.94,58.66,126.78,0.5111,-1,-1,-1
226,63,0.35,598.44,34.41,81.03,0.3552,-1,-1,-1
227,49,121.93,584.92,40.93,95.62,0.3098,-1,-1,-1
227,52,1354.42,547.27,48.89,139.29,0.7483,-1,-1,-1
227,58,1743.31,558.55,52.67,126.38,0.5236,-1,-1,-1
227,63,-0.38,596.36,32.51,83.19,0.3347,-1,-1,-1
228,49,118.61,586.46,38.75,96.07,0.3373,-1,-1,-1
228,52,1356.56,548.28,48.50,141.53,0.7463,-1,-1,-1
228,58,1751.04,554.61,53.98,128.70,0.5434,-1,-1,-1
228,63,-0.94,592.25,31.71,89.07,0.3095,-1,-1,-1
229,49,117.13,586.43,37.11,96.41,0.4067,-1,-1,-1
229,52,1358.60,548.18,48.37,141.28,0.7454,-1,-1,-1
229,58,1753.81,557.20,58.92,128.07,0.5028,-1,-1,-1
229,63,-0.67,591.62,30.10,90.18,0.2357,-1,-1,-1
230,49,116.88,587.09,34.75,97.17,0.3009,-1,-1,-1
230,52,1361.86,548.93,48.41,140.69,0.7491,-1,-1,-1
230,58,1763.85,555.39,55.56,127.36,0.5397,-1,-1,-1
230,63,-0.39,591.63,23.49,90.71,0.2031,-1,-1,-1
231,49,115.87,587.58,35.30,97.32,0.3338,-1,-1,-1
231,52,1363.96,551.92,49.35,138.80,0.7345,-1,-1,-1
231,58,1774.58,554.50,56.20,130.32,0.5590,-1,-1,-1
231,63,-0.41,592.10,21.23,88.67,0.2399,-1,-1,-1
232,49,113.20,589.93,37.47,96.39,0.2763,-1,-1,-1
232,52,1366.62,552.34,48.59,138.52,0.7349,-1,-1,-1
232,58,1778.27,553.24,62.16,131.31,0.5180,-1,-1,-1
232,63,-0.18,600.16,22.60,81.77,0.2920,-1,-1,-1
233,49,111.88,589.40,38.66,96.81,0.2297,-1,-1,-1
233,52,1368.62,551.38,48.79,140.81,0.7661,-1,-1,-1
233,58,1789.64,556.32,59.22,128.93,0.5370,-1,-1,-1
233,63,-0.05,603.04,21.76,78.44,0.2339,-1,-1,-1
234,49,109.19,590.26,39.65,96.94,0.3436,-1,-1,-1
234,52,1371.01,552.81,48.56,138.73,0.7041,-1,-1,-1
234,58,1793.66,558.78,64.36,128.96,0.4532,-1,-1,-1
235,49,107.56,586.96,37.90,99.01,0.2830,-1,-1,-1
235,52,1374.60,553.68,48.65,136.97,0.6636,-1,-1,-1
235,58,1807.00,559.23,59.36,128.95,0.4599,-1,-1,-1
236,49,105.85,586.49,38.09,100.77,0.2908,-1,-1,-1
236,52,1377.89,552.83,51.25,136.79,0.7028,-1,-1,-1
236,58,1822.69,553.69,56.82,126.09,0.5267,-1,-1,-1
237,49,104.99,582.80,38.82,103.33,0.3074,-1,-1,-1
237,52,1380.28,551.86,53.72,137.20,0.6999,-1,-1,-1
237,58,1834.36,549.56,57.44,126.43,0.5034,-1,-1,-1
238,49,104.89,582.52,40.93,104.32,0.3777,-1,-1,-1
238,52,1384.56,553.01,51.47,136.75,0.7134,-1,-1,-1
238,58,1845.72,546.86,57.87,134.80,0.5070,-1,-1,-1
239,49,104.43,578.99,43.93,105.41,0.3826,-1,-1,-1
239,52,1386.95,553.21,51.24,137.22,0.6842,-1,-1,-1
239,58,1850.56,544.95,63.02,139.84,0.4651,-1,-1,-1
240,49,103.90,578.07,44.73,105.94,0.3988,-1,-1,-1
240,52,1390.53,550.46,50.34,141.31,0.7217,-1,-1,-1
240,58,1863.35,543.19,57.68,134.65,0.4512,-1,-1,-1
241,49,103.48,576.61,43.58,107.71,0.4285,-1,-1,-1
241,52,1396.15,548.56,48.84,144.67,0.7552,-1,-1,-1
241,58,1871.80,545.95,52.05,136.69,0.4767,-1,-1,-1
242,49,104.17,577.72,43.70,106.91,0.4135,-1,-1,-1
242,52,1400.93,548.23,48.71,145.95,0.6746,-1,-1,-1
242,58,1882.89,552.28,40.84,118.50,0.2192,-1,-1,-1
243,49,104.49,576.30,45.58,108.41,0.4093,-1,-1,-1
243,52,1405.32,550.29,47.95,143.48,0.6901,-1,-1,-1
243,58,1893.81,563.22,28.88,104.92,0.2036,-1,-1,-1
244,49,104.06,576.37,44.35,108.30,0.3628,-1,-1,-1
244,52,1410.53,553.88,48.03,139.95,0.7140,-1,-1,-1
245,49,105.25,577.06,43.71,109.28,0.3807,-1,-1,-1
245,52,1416.88,555.90,46.57,139.24,0.7655,-1,-1,-1
246,49,105.31,577.13,41.83,109.93,0.3632,-1,-1,-1
246,52,1422.71,554.89,46.59,140.86,0.7619,-1,-1,-1
247,49,104.63,579.29,41.67,110.04,0.4197,-1,-1,-1
247,52,1427.83,555.56,46.86,141.17,0.7415,-1,-1,-1
247,69,1318.11,582.20,45.98,133.74,0.4750,-1,-1,-1
248,49,105.07,581.41,40.59,109.03,0.3854,-1,-1,-1
248,52,1434.12,556.28,47.16,141.68,0.7561,-1,-1,-1
248,69,1327.58,583.29,47.35,132.00,0.3796,-1,-1,-1
249,49,105.57,584.04,42.41,109.28,0.4063,-1,-1,-1
249,52,1440.48,554.65,46.71,144.94,0.7948,-1,-1,-1
249,69,1334.66,582.13,48.81,132.59,0.3824,-1,-1,-1
250,49,106.08,586.26,43.51,108.45,0.4542,-1,-1,-1
250,52,1446.59,549.48,47.61,148.82,0.7218,-1,-1,-1
250,69,1340.22,581.18,48.03,131.10,0.3014,-1,-1,-1
251,49,107.22,587.31,42.62,108.45,0.3931,-1,-1,-1
251,52,1455.14,545.57,44.36,155.73,0.7527,-1,-1,-1
251,69,1353.05,582.32,46.74,130.53,0.2779,-1,-1,-1
252,49,110.25,588.76,38.22,105.09,0.3095,-1,-1,-1
252,52,1461.43,547.61,44.93,152.39,0.7404,-1,-1,-1
253,49,115.24,591.34,38.70,105.27,0.4483,-1,-1,-1
253,52,1468.84,541.83,45.09,156.73,0.7455,-1,-1,-1
254,49,118.86,591.29,38.61,105.76,0.4651,-1,-1,-1
254,52,1473.94,539.27,46.14,158.36,0.7033,-1,-1,-1
255,49,119.82,593.88,40.55,107.75,0.3868,-1,-1,-1
255,52,1481.32,536.10,45.09,157.21,0.7114,-1,-1,-1
256,49,123.36,593.95,40.97,110.80,0.4109,-1,-1,-1
256,52,1489.27,538.05,46.35,156.49,0.7257,-1,-1,-1
257,49,128.00,595.21,45.24,110.02,0.3283,-1,-1,-1
257,52,1498.01,537.43,45.14,154.16,0.7083,-1,-1,-1
258,49,131.54,596.48,45.23,109.76,0.3460,-1,-1,-1
258,52,1506.15,543.20,45.85,151.24,0.6423,-1,-1,-1
259,49,132.84,595.06,43.74,111.09,0.3772,-1,-1,-1
259,52,1512.97,549.63,49.40,145.95,0.5939,-1,-1,-1
259,70,0.58,610.38,25.84,95.15,0.4729,-1,-1,-1
260,49,133.22,598.85,42.61,109.42,0.3197,-1,-1,-1
260,52,1513.94,551.08,60.61,147.09,0.6694,-1,-1,-1
260,70,0.80,612.14,29.03,94.57,0.4129,-1,-1,-1
261,49,135.60,601.00,42.28,108.08,0.3941,-1,-1,-1
261,52,1520.98,553.34,64.48,145.47,0.5765,-1,-1,-1
261,70,0.22,612.16,31.18,96.42,0.5006,-1,-1,-1
262,49,140.16,601.16,37.79,108.03,0.4578,-1,-1,-1
262,52,1523.01,562.29,73.79,136.09,0.4398,-1,-1,-1
262,70,0.40,610.98,29.99,97.26,0.4984,-1,-1,-1
263,49,141.81,602.22,39.04,106.88,0.3133,-1,-1,-1
263,70,-0.14,612.32,32.43,95.50,0.4663,-1,-1,-1
264,49,144.64,601.39,41.12,107.58,0.2673,-1,-1,-1
264,70,0.13,612.00,33.46,96.47,0.5156,-1,-1,-1
265,49,147.00,600.57,44.22,109.34,0.3717,-1,-1,-1
265,70,-0.34,614.56,33.94,93.70,0.4631,-1,-1,-1
266,49,149.47,600.62,44.20,109.30,0.2731,-1,-1,-1
266,70,0.27,613.82,37.52,94.03,0.4623,-1,-1,-1
266,75,997.00,512.93,29.39,85.20,0.4399,-1,-1,-1
266,52,1573.73,574.72,65.30,136.51,0.4049,-1,-1,-1
267,49,151.20,600.16,44.40,111.38,0.4010,-1,-1,-1
267,70,-0.11,613.67,41.19,94.70,0.4943,-1,-1,-1
267,75,1003.82,517.38,27.15,80.67,0.3558,-1,-1,-1
268,49,154.27,600.23,44.36,111.38,0.2467,-1,-1,-1
268,70,2.28,612.56,42.43,98.34,0.4669,-1,-1,-1
268,75,1008.70,517.64,28.49,81.89,0.3297,-1,-1,-1
268,77,1050.40,510.91,36.81,99.22,0.4425,-1,-1,-1
269,49,155.04,598.88,44.03,112.96,0.3899,-1,-1,-1
269,70,3.80,610.56,44.59,99.87,0.4942,-1,-1,-1
269,75,1021.93,512.94,25.96,89.03,0.3662,-1,-1,-1
269,77,1058.66,507.72,40.61,99.93,0.4786,-1,-1,-1
270,49,157.23,594.92,43.18,114.02,0.3389,-1,-1,-1
270,70,5.95,608.45,46.38,99.22,0.4642,-1,-1,-1
270,75,1024.68,509.33,26.94,88.66,0.3831,-1,-1,-1
270,77,1065.55,504.68,38.93,96.66,0.4245,-1,-1,-1
271,49,161.48,595.15,42.38,112.50,0.4304,-1,-1,-1
271,70,10.50,609.51,44.20,97.18,0.5401,-1,-1,-1
271,75,1027.18,510.14,27.72,87.16,0.3106,-1,-1,-1
271,77,1070.00,505.56,37.90,96.71,0.4254,-1,-1,-1
271,79,1584.86,592.46,53.59,187.55,0.4663,-1,-1,-1
272,49,164.05,593.72,41.97,112.53,0.2739,-1,-1,-1
272,70,11.80,605.65,44.09,99.64,0.5138,-1,-1,-1
272,75,1032.62,514.65,27.01,81.05,0.3015,-1,-1,-1
272,77,1075.13,508.45,36.64,97.38,0.3737,-1,-1,-1
273,49,167.33,592.22,45.96,115.03,0.3818,-1,-1,-1
273,70,13.42,606.36,45.02,100.42,0.5929,-1,-1,-1
273,75,1036.25,514.45,31.03,81.97,0.2426,-1,-1,-1
273,77,1079.98,507.77,42.19,99.37,0.3637,-1,-1,-1
274,49,167.53,590.16,47.37,115.33,0.2279,-1,-1,-1
274,70,13.83,601.36,44.34,102.52,0.4455,-1,-1,-1
274,75,1051.07,508.25,25.65,88.33,0.3397,-1,-1,-1
274,77,1088.38,506.71,41.20,95.85,0.4813,-1,-1,-1
274,80,1064.71,506.43,24.08,91.68,0.3772,-1,-1,-1
275,49,172.26,591.41,45.83,115.97,0.2951,-1,-1,-1
275,70,15.22,598.85,47.06,106.32,0.6144,-1,-1,-1
275,75,1051.59,509.92,28.64,87.28,0.3625,-1,-1,-1
275,77,1094.83,507.11,37.44,96.22,0.3927,-1,-1,-1
275,80,1071.49,505.98,27.54,92.89,0.1716,-1,-1,-1
275,79,1639.21,581.32,84.44,224.64,0.4295,-1,-1,-1
276,49,174.39,590.61,45.67,116.90,0.4254,-1,-1,-1
276,70,16.80,599.95,47.79,105.37,0.6279,-1,-1,-1
276,75,1055.82,511.04,29.48,87.34,0.2828,-1,-1,-1
276,77,1100.66,506.87,35.40,96.76,0.3072,-1,-1,-1
276,80,1076.80,504.99,28.16,94.57,0.2818,-1,-1,-1
276,79,1655.32,580.71,81.92,234.50,0.6511,-1,-1,-1
277,49,177.03,589.94,44.75,117.52,0.3450,-1,-1,-1
277,70,19.11,598.42,47.84,107.02,0.6056,-1,-1,-1
277,75,1058.67,505.66,32.86,91.50,0.3837,-1,-1,-1
277,77,1103.38,503.73,38.08,98.91,0.3152,-1,-1,-1
277,80,1080.33,504.81,30.62,94.20,0.2509,-1,-1,-1
277,79,1670.09,588.28,82.02,231.81,0.5055,-1,-1,-1
278,49,177.09,591.13,46.34,118.61,0.3741,-1,-1,-1
278,70,20.80,598.64,48.13,108.86,0.5956,-1,-1,-1
278,75,1070.71,505.58,28.22,93.39,0.3923,-1,-1,-1
278,77,1109.34,505.79,40.96,96.76,0.3398,-1,-1,-1
278,80,1091.28,504.94,33.53,97.15,0.2388,-1,-1,-1
278,79,1682.54,594.24,85.12,230.72,0.4514,-1,-1,-1
278,81,1176.57,515.74,31.20,95.92,0.3973,-1,-1,-1
279,49,178.93,591.34,46.57,118.80,0.4374,-1,-1,-1
279,70,23.33,598.21,48.51,109.80,0.6058,-1,-1,-1
279,75,1072.71,508.67,30.36,91.16,0.4359,-1,-1,-1
279,77,1116.67,517.26,36.33,84.96,0.3125,-1,-1,-1
279,80,1095.98,506.61,33.78,95.72,0.1787,-1,-1,-1
279,79,1695.41,595.23,88.87,235.66,0.5978,-1,-1,-1
280,49,180.75,598.43,45.30,114.05,0.4650,-1,-1,-1
280,70,24.59,600.28,48.85,111.47,0.6286,-1,-1,-1
280,75,1075.39,508.27,31.07,89.59,0.2941,-1,-1,-1
280,77,1117.48,522.85,34.79,80.76,0.2126,-1,-1,-1
280,80,1105.17,512.54,32.38,90.61,0.1875,-1,-1,-1
280,79,1716.85,600.54,86.54,238.53,0.2899,-1,-1,-1
281,49,184.43,599.51,45.19,114.97,0.4178,-1,-1,-1
281,70,25.51,601.68,50.48,112.57,0.6286,-1,-1,-1
281,75,1081.60,510.26,31.61,80.98,0.1576,-1,-1,-1
281,77,1123.36,510.57,38.30,92.82,0.3443,-1,-1,-1
281,79,1725.35,606.26,101.52,237.18,0.5484,-1,-1,-1
282,49,187.30,598.90,47.36,116.56,0.4728,-1,-1,-1
282,70,28.37,604.14,49.73,111.20,0.6182,-1,-1,-1
282,77,1124.49,508.97,42.15,94.77,0.2781,-1,-1,-1
282,79,1734.17,609.65,114.80,238.14,0.6271,-1,-1,-1
283,49,188.87,600.02,50.67,117.71,0.4684,-1,-1,-1
283,70,30.44,608.86,48.76,109.04,0.6025,-1,-1,-1
283,77,1128.24,510.93,38.35,94.15,0.1584,-1,-1,-1
283,79,1769.53,609.16,102.71,242.23,0.6215,-1,-1,-1
284,49,192.06,601.42,49.27,117.87,0.3813,-1,-1,-1
284,70,32.85,610.22,48.33,109.67,0.6394,-1,-1,-1
284,79,1795.08,609.48,102.70,245.62,0.7479,-1,-1,-1
284,87,1755.55,549.91,57.29,183.16,0.6228,-1,-1,-1
284,88,1293.41,535.08,41.64,121.69,0.3889,-1,-1,-1
285,49,194.62,601.39,50.91,119.56,0.4395,-1,-1,-1
285,70,35.21,611.80,47.36,110.11,0.6388,-1,-1,-1
285,79,1821.14,611.70,96.72,247.31,0.8108,-1,-1,-1
285,87,1768.00,550.07,59.88,183.34,0.6448,-1,-1,-1
285,88,1301.10,536.80,47.49,118.56,0.4237,-1,-1,-1
285,81,1254.82,536.26,44.17,122.56,0.3722,-1,-1,-1
286,49,197.42,601.60,51.90,121.18,0.4208,-1,-1,-1
286,70,36.63,612.96,47.83,111.45,0.6464,-1,-1,-1
286,79,1842.24,610.87,83.49,251.75,0.7455,-1,-1,-1
286,87,1779.70,546.97,62.08,188.64,0.7142,-1,-1,-1
286,88,1312.42,535.95,44.53,118.07,0.3429,-1,-1,-1
286,81,1266.06,541.59,40.14,112.18,0.2248,-1,-1,-1
287,49,199.27,605.31,51.80,120.53,0.4334,-1,-1,-1
287,70,37.14,613.73,49.15,112.40,0.6323,-1,-1,-1
287,79,1864.42,614.51,63.08,252.58,0.7013,-1,-1,-1
287,87,1796.30,547.92,62.02,191.37,0.7020,-1,-1,-1
287,88,1327.10,534.95,38.52,121.14,0.2519,-1,-1,-1
287,81,1264.38,542.14,49.64,120.13,0.1903,-1,-1,-1
288,49,200.57,605.36,47.90,122.14,0.4925,-1,-1,-1
288,70,37.93,614.70,50.90,112.40,0.6126,-1,-1,-1
288,79,1888.05,639.93,38.39,227.90,0.5868,-1,-1,-1
288,87,1807.60,547.08,68.20,194.79,0.6716,-1,-1,-1
288,88,1335.03,532.24,36.83,122.61,0.3047,-1,-1,-1
289,49,201.50,607.31,42.90,120.85,0.3893,-1,-1,-1
289,70,38.42,615.17,51.24,113.85,0.5697,-1,-1,-1
289,87,1821.73,545.20,67.18,198.05,0.7279,-1,-1,-1
290,49,203.34,605.92,45.86,122.89,0.4323,-1,-1,-1
290,70,40.26,613.17,52.41,116.03,0.6098,-1,-1,-1
290,87,1835.84,543.55,71.91,199.89,0.7608,-1,-1,-1
291,49,208.69,608.35,49.32,121.68,0.2535,-1,-1,-1
291,70,42.67,614.17,54.22,118.35,0.6152,-1,-1,-1
291,87,1851.28,539.83,64.98,204.16,0.7573,-1,-1,-1
292,49,209.78,609.00,53.69,123.65,0.3703,-1,-1,-1
292,70,42.94,613.32,54.49,121.56,0.6634,-1,-1,-1
292,87,1865.58,540.37,60.66,206.17,0.7129,-1,-1,-1
292,80,1208.45,519.10,48.09,80.97,0.3507,-1,-1,-1
293,49,213.85,611.48,51.48,124.08,0.4317,-1,-1,-1
293,70,44.53,615.06,54.03,123.25,0.6508,-1,-1,-1
293,80,1217.71,518.76,45.75,83.29,0.1715,-1,-1,-1
294,49,215.57,611.92,50.33,124.55,0.4650,-1,-1,-1
294,70,45.65,618.45,54.24,121.69,0.6003,-1,-1,-1
295,49,213.62,613.66,45.20,123.67,0.4390,-1,-1,-1
295,70,44.95,619.86,55.89,120.33,0.6144,-1,-1,-1
296,49,214.29,614.05,46.23,124.84,0.4413,-1,-1,-1
296,70,46.61,620.78,57.24,119.59,0.5635,-1,-1,-1
297,49,220.52,614.91,45.23,124.59,0.3719,-1,-1,-1
297,70,47.91,621.38,57.86,120.33,0.6090,-1,-1,-1
297,92,1384.45,555.63,40.18,109.35,0.4537,-1,-1,-1
298,49,224.18,612.36,46.50,126.71,0.4184,-1,-1,-1
298,70,48.87,621.08,57.63,120.40,0.6082,-1,-1,-1
298,92,1392.25,547.11,42.03,119.05,0.4214,-1,-1,-1
298,93,1353.62,534.67,43.25,137.87,0.4125,-1,-1,-1
299,49,227.55,614.82,45.75,124.49,0.4652,-1,-1,-1
299,70,50.71,622.31,57.29,119.33,0.6155,-1,-1,-1
299,92,1397.55,560.08,42.24,110.73,0.3227,-1,-1,-1
299,93,1356.01,533.65,50.05,147.14,0.3324,-1,-1,-1
300,49,229.74,614.58,47.90,125.21,0.4987,-1,-1,-1
300,70,51.31,620.37,57.81,122.26,0.5867,-1,-1,-1
300,92,1399.38,554.64,49.29,120.41,0.3037,-1,-1,-1
300,80,1315.97,526.33,33.84,95.81,0.3737,-1,-1,-1
301,49,230.60,616.03,49.67,125.75,0.4830,-1,-1,-1
301,70,51.74,623.14,56.31,122.25,0.5044,-1,-1,-1
301,92,1404.28,566.44,50.04,119.95,0.2949,-1,-1,-1
301,80,1319.91,527.61,34.81,93.87,0.3329,-1,-1,-1
302,49,230.38,614.19,50.00,128.23,0.4957,-1,-1,-1
302,70,51.23,622.39,57.24,123.42,0.4920,-1,-1,-1
302,80,1323.91,525.10,30.57,95.81,0.2025,-1,-1,-1
303,49,229.34,620.66,50.44,127.24,0.4471,-1,-1,-1
303,70,48.65,627.54,56.36,123.58,0.4652,-1,-1,-1
303,95,1292.52,525.72,35.35,93.90,0.3426,-1,-1,-1
304,49,229.77,621.61,50.00,126.85,0.5148,-1,-1,-1
304,70,48.57,627.25,55.59,123.49,0.4480,-1,-1,-1
304,95,1306.11,528.81,40.06,99.27,0.2719,-1,-1,-1
305,49,229.00,627.43,50.80,125.45,0.4841,-1,-1,-1
305,70,49.84,634.63,57.64,119.35,0.4621,-1,-1,-1
305,95,1309.29,531.93,38.59,96.74,0.3244,-1,-1,-1
306,49,230.21,627.34,50.09,126.11,0.4850,-1,-1,-1
306,70,48.94,635.42,57.45,117.72,0.4345,-1,-1,-1
306,80,1339.31,533.33,32.47,100.89,0.3669,-1,-1,-1
307,49,229.84,626.99,50.10,127.72,0.4913,-1,-1,-1
307,70,47.21,634.91,58.96,120.42,0.4808,-1,-1,-1
307,80,1340.41,530.27,39.67,105.70,0.4425,-1,-1,-1
307,95,1337.37,529.96,42.34,106.29,0.4425,-1,-1,-1
308,49,228.74,630.49,48.61,130.22,0.4620,-1,-1,-1
308,70,45.81,638.83,61.00,124.94,0.5546,-1,-1,-1
308,80,1343.39,528.23,40.69,108.94,0.3948,-1,-1,-1
308,95,1344.86,528.02,41.17,109.62,0.3948,-1,-1,-1
309,49,227.82,627.46,47.52,132.47,0.4384,-1,-1,-1
309,70,45.36,636.28,60.91,126.29,0.6164,-1,-1,-1
309,95,1355.66,530.93,38.26,109.17,0.2693,-1,-1,-1
310,49,226.55,630.31,49.07,132.75,0.4357,-1,-1,-1
310,70,44.11,638.84,61.31,126.48,0.5955,-1,-1,-1
310,95,1364.60,532.71,35.16,107.70,0.2342,-1,-1,-1
311,49,228.46,631.57,52.34,132.81,0.3678,-1,-1,-1
311,70,41.93,640.95,62.86,126.73,0.6292,-1,-1,-1
311,95,1365.42,529.78,39.82,114.64,0.3285,-1,-1,-1
312,49,227.15,630.45,52.58,133.43,0.3833,-1,-1,-1
312,70,40.64,640.82,62.39,126.54,0.5799,-1,-1,-1
313,49,228.39,635.14,55.06,133.13,0.3625,-1,-1,-1
313,70,39.37,643.24,63.54,128.63,0.6416,-1,-1,-1
314,49,228.20,637.74,52.37,134.22,0.3736,-1,-1,-1
314,70,38.19,645.02,61.95,128.69,0.5439,-1,-1,-1
315,49,228.24,636.76,51.25,136.08,0.4023,-1,-1,-1
315,70,37.46,644.33,60.48,129.02,0.5438,-1,-1,-1
316,49,227.11,637.46,50.60,136.84,0.3843,-1,-1,-1
316,70,35.52,645.28,58.60,129.84,0.4176,-1,-1,-1
316,98,1392.80,576.95,48.27,151.17,0.4471,-1,-1,-1
317,49,226.68,638.11,50.66,137.04,0.4154,-1,-1,-1
317,70,34.99,645.78,56.38,130.71,0.3997,-1,-1,-1
317,98,1395.96,553.90,55.58,182.57,0.4398,-1,-1,-1
318,49,226.57,639.73,48.51,136.12,0.3959,-1,-1,-1
318,70,34.43,647.02,56.05,131.30,0.4660,-1,-1,-1
318,98,1398.68,554.27,60.51,186.23,0.4633,-1,-1,-1
319,49,226.76,641.05,50.76,136.03,0.3736,-1,-1,-1
319,70,33.26,648.19,55.00,131.44,0.4419,-1,-1,-1
319,98,1400.49,576.58,59.38,167.09,0.4030,-1,-1,-1
320,49,225.93,641.01,52.01,138.04,0.4202,-1,-1,-1
320,70,29.98,647.98,57.44,133.44,0.4502,-1,-1,-1
320,98,1403.18,588.00,58.20,157.13,0.2552,-1,-1,-1
320,99,1525.87,590.40,48.15,133.72,0.4288,-1,-1,-1
321,49,224.99,639.96,53.13,140.12,0.4290,-1,-1,-1
321,70,27.12,648.34,59.62,135.27,0.5092,-1,-1,-1
321,98,1404.02,597.88,59.61,147.95,0.3550,-1,-1,-1
321,99,1532.14,594.88,47.72,129.13,0.4018,-1,-1,-1
322,49,224.04,638.34,53.67,142.13,0.4616,-1,-1,-1
322,70,24.59,648.37,60.19,136.19,0.4720,-1,-1,-1
322,98,1404.89,605.83,62.47,141.44,0.3369,-1,-1,-1
322,99,1535.27,588.84,55.88,137.49,0.5018,-1,-1,-1
323,49,222.94,636.20,54.50,145.05,0.3646,-1,-1,-1
323,70,21.24,647.89,61.20,137.70,0.5179,-1,-1,-1
323,98,1405.35,596.05,67.07,152.98,0.4150,-1,-1,-1
323,99,1540.35,584.91,57.93,142.32,0.5776,-1,-1,-1
324,49,215.59,634.22,49.61,145.00,0.3555,-1,-1,-1
324,70,17.31,646.12,61.39,138.29,0.5101,-1,-1,-1
324,98,1406.67,603.31,70.58,146.41,0.2117,-1,-1,-1
324,99,1543.76,589.31,57.89,138.13,0.5380,-1,-1,-1
325,49,218.74,633.81,53.97,146.70,0.3881,-1,-1,-1
325,70,14.82,646.94,62.02,137.20,0.5181,-1,-1,-1
325,98,1413.24,598.54,68.05,151.54,0.5530,-1,-1,-1
325,99,1548.78,604.26,54.19,126.63,0.4965,-1,-1,-1
326,49,219.17,635.23,54.19,146.68,0.4113,-1,-1,-1
326,70,11.22,647.64,61.48,137.27,0.5601,-1,-1,-1
326,98,1414.90,599.46,65.60,150.44,0.5391,-1,-1,-1
326,99,1551.58,595.76,51.84,136.45,0.4850,-1,-1,-1
327,49,214.79,636.16,56.49,144.59,0.4917,-1,-1,-1
327,70,8.30,645.97,61.25,137.40,0.6158,-1,-1,-1
327,98,1417.50,600.25,63.71,150.42,0.6185,-1,-1,-1
327,99,1555.59,600.94,52.63,133.04,0.4788,-1,-1,-1
327,102,1780.78,539.62,40.23,111.90,0.4470,-1,-1,-1
328,49,209.39,638.21,60.79,146.99,0.4099,-1,-1,-1
328,70,5.80,652.30,61.04,134.44,0.6030,-1,-1,-1
328,98,1418.77,596.60,65.13,154.44,0.6021,-1,-1,-1
328,99,1559.08,593.36,53.49,141.13,0.3883,-1,-1,-1
328,102,1786.45,540.30,40.24,117.54,0.5422,-1,-1,-1
329,49,203.26,631.93,52.49,149.78,0.3333,-1,-1,-1
329,70,7.87,648.25,54.26,135.41,0.4845,-1,-1,-1
329,98,1419.18,597.48,64.45,152.93,0.5802,-1,-1,-1
329,99,1562.68,587.79,53.58,149.31,0.4984,-1,-1,-1
329,102,1792.14,539.49,43.41,123.08,0.2188,-1,-1,-1
330,49,200.64,631.78,50.50,150.75,0.3513,-1,-1,-1
330,70,5.14,651.18,51.82,132.46,0.5153,-1,-1,-1
330,98,1421.86,597.12,60.89,154.24,0.5070,-1,-1,-1
330,99,1563.26,586.85,57.48,155.84,0.4764,-1,-1,-1
330,102,1797.31,540.82,44.80,123.15,0.4914,-1,-1,-1
331,49,197.13,631.30,49.78,152.65,0.3487,-1,-1,-1
331,70,3.28,651.11,50.87,132.75,0.5149,-1,-1,-1
331,98,1427.60,596.32,57.63,154.51,0.6447,-1,-1,-1
331,99,1556.32,564.41,68.58,178.20,0.3547,-1,-1,-1
331,102,1802.33,535.73,49.30,126.85,0.5363,-1,-1,-1
332,49,192.79,628.71,50.23,152.27,0.3297,-1,-1,-1
332,70,1.41,646.81,47.01,132.98,0.5161,-1,-1,-1
332,98,1430.05,599.83,56.67,151.11,0.6267,-1,-1,-1
332,99,1566.45,582.74,61.52,155.20,0.4262,-1,-1,-1
332,102,1805.44,534.10,49.11,127.68,0.3528,-1,-1,-1
333,49,188.18,627.47,60.58,153.59,0.3902,-1,-1,-1
333,70,-0.48,645.87,44.19,133.40,0.5680,-1,-1,-1
333,98,1430.08,596.87,60.72,155.10,0.5239,-1,-1,-1
333,99,1571.68,574.82,58.52,164.48,0.3443,-1,-1,-1
333,102,1812.37,528.36,48.97,129.84,0.4402,-1,-1,-1
334,49,182.08,629.91,50.10,151.70,0.3490,-1,-1,-1
334,70,-0.73,646.17,39.55,132.44,0.5768,-1,-1,-1
334,98,1424.18,594.47,67.75,157.86,0.5211,-1,-1,-1
334,99,1578.70,580.11,56.49,157.08,0.4692,-1,-1,-1
334,102,1819.26,524.05,49.51,130.35,0.5161,-1,-1,-1
335,49,175.72,630.16,46.64,150.80,0.3750,-1,-1,-1
335,70,-0.90,645.37,33.90,133.14,0.4921,-1,-1,-1
335,98,1416.83,594.07,80.83,159.42,0.3427,-1,-1,-1
335,99,1583.15,586.65,57.77,148.94,0.3752,-1,-1,-1
335,102,1825.22,519.91,49.22,134.81,0.6376,-1,-1,-1
336,49,174.79,628.66,44.89,154.16,0.3996,-1,-1,-1
336,70,-0.57,647.69,29.46,133.87,0.5375,-1,-1,-1
336,98,1418.82,589.35,84.78,163.60,0.5722,-1,-1,-1
336,99,1578.89,552.04,61.35,191.69,0.3026,-1,-1,-1
336,102,1828.40,514.31,52.64,136.66,0.5639,-1,-1,-1
337,49,174.32,628.78,49.68,158.19,0.4052,-1,-1,-1
337,70,-0.41,646.95,24.06,135.87,0.4218,-1,-1,-1
337,98,1425.06,592.59,82.37,166.92,0.6618,-1,-1,-1
337,99,1575.64,539.32,65.96,211.37,0.4365,-1,-1,-1
337,102,1836.38,517.64,50.59,137.89,0.4645,-1,-1,-1
338,49,171.96,633.45,54.11,158.95,0.4139,-1,-1,-1
338,70,-0.58,663.43,19.05,125.65,0.3363,-1,-1,-1
338,98,1428.79,592.95,85.72,167.14,0.5655,-1,-1,-1
338,99,1574.33,532.38,68.94,217.59,0.3700,-1,-1,-1
338,102,1841.71,517.56,50.86,134.26,0.5996,-1,-1,-1
339,49,168.18,637.85,57.07,158.29,0.4986,-1,-1,-1
339,98,1427.19,598.17,92.72,167.59,0.7191,-1,-1,-1
339,99,1579.89,534.79,70.26,225.62,0.5213,-1,-1,-1
339,102,1846.57,519.19,49.66,133.69,0.5667,-1,-1,-1
340,49,167.95,639.88,55.55,157.08,0.4730,-1,-1,-1
340,98,1430.32,597.27,93.02,169.53,0.7526,-1,-1,-1
340,99,1577.27,534.84,77.85,230.42,0.5742,-1,-1,-1
340,102,1850.35,518.17,50.24,132.69,0.5756,-1,-1,-1
341,49,158.69,640.82,49.53,160.82,0.3651,-1,-1,-1
341,98,1433.76,601.82,90.19,171.59,0.7355,-1,-1,-1
341,99,1591.18,545.06,63.08,226.62,0.3670,-1,-1,-1
341,102,1853.26,521.42,50.94,132.35,0.2683,-1,-1,-1
342,49,156.86,643.11,47.07,161.32,0.4898,-1,-1,-1
342,98,1426.71,603.27,93.00,175.42,0.6930,-1,-1,-1
342,99,1587.96,552.60,69.16,221.82,0.3157,-1,-1,-1
342,102,1861.49,522.60,46.81,133.66,0.2670,-1,-1,-1
343,49,148.27,649.17,49.30,162.25,0.5285,-1,-1,-1
343,98,1437.77,612.69,78.16,172.06,0.6041,-1,-1,-1
343,99,1576.72,549.52,82.06,229.73,0.4119,-1,-1,-1
343,102,1867.06,531.34,49.99,129.00,0.2874,-1,-1,-1
344,49,140.47,653.35,55.12,163.26,0.4860,-1,-1,-1
344,98,1441.42,617.79,73.29,171.67,0.6753,-1,-1,-1
344,99,1573.39,560.94,90.03,224.37,0.3273,-1,-1,-1
344,102,1875.25,534.98,45.23,130.84,0.4552,-1,-1,-1
345,49,136.53,659.65,54.23,164.21,0.3694,-1,-1,-1
345,98,1444.00,620.61,70.60,179.02,0.6134,-1,-1,-1
345,99,1573.54,582.14,87.78,208.25,0.2198,-1,-1,-1
345,102,1878.14,537.86,43.28,132.64,0.4705,-1,-1,-1
346,49,129.51,663.65,55.31,168.42,0.3676,-1,-1,-1
346,98,1441.84,623.52,69.03,181.79,0.5912,-1,-1,-1
346,99,1575.53,590.48,91.90,206.68,0.4313,-1,-1,-1
346,102,1880.36,536.54,41.18,138.98,0.4743,-1,-1,-1
346,107,1573.93,595.02,52.81,182.88,0.4138,-1,-1,-1
347,49,119.90,669.30,56.39,170.07,0.4566,-1,-1,-1
347,98,1435.56,627.20,75.00,185.11,0.5993,-1,-1,-1
347,99,1576.98,595.62,95.79,209.76,0.2062,-1,-1,-1
347,102,1884.76,540.47,36.42,138.02,0.3244,-1,-1,-1
347,107,1574.70,595.91,56.71,191.61,0.5165,-1,-1,-1
347,108,1362.10,580.88,62.24,194.78,0.3553,-1,-1,-1
348,49,117.37,670.99,56.04,170.52,0.5843,-1,-1,-1
348,98,1443.89,630.40,65.82,186.99,0.6564,-1,-1,-1
348,99,1576.13,599.17,76.41,196.62,0.5148,-1,-1,-1
348,107,1576.24,598.98,62.41,190.59,0.5148,-1,-1,-1
348,108,1355.63,591.50,66.83,186.43,0.2938,-1,-1,-1
349,49,107.76,673.78,61.51,170.32,0.4650,-1,-1,-1
349,98,1444.73,634.17,67.83,190.67,0.6875,-1,-1,-1
349,99,1577.76,609.72,67.76,187.20,0.4367,-1,-1,-1
349,107,1578.56,610.19,64.36,185.35,0.4367,-1,-1,-1
349,108,1355.28,598.82,63.75,182.09,0.4163,-1,-1,-1
349,109,1395.32,595.50,65.21,190.36,0.5119,-1,-1,-1
350,49,102.62,671.95,60.57,173.10,0.4883,-1,-1,-1
350,98,1443.76,638.39,75.11,191.13,0.6503,-1,-1,-1
350,99,1579.79,614.55,71.46,184.33,0.5738,-1,-1,-1
350,107,1580.75,614.98,71.34,184.03,0.5738,-1,-1,-1
350,108,1356.39,604.91,65.23,179.94,0.4028,-1,-1,-1
350,109,1395.76,597.88,60.92,190.24,0.4075,-1,-1,-1
351,49,95.90,672.70,60.30,175.45,0.5600,-1,-1,-1
351,98,1441.35,643.89,81.49,189.30,0.7042,-1,-1,-1
351,99,1581.15,611.13,70.31,187.18,0.4102,-1,-1,-1
351,107,1582.20,611.20,71.52,187.61,0.4102,-1,-1,-1
351,108,1354.94,607.95,70.02,178.10,0.4139,-1,-1,-1
351,109,1393.76,600.39,63.06,190.93,0.3519,-1,-1,-1
351,110,144.62,667.86,50.70,157.19,0.3899,-1,-1,-1
352,49,87.72,674.02,62.27,176.52,0.5697,-1,-1,-1
352,98,1432.29,649.21,92.03,190.23,0.6594,-1,-1,-1
352,99,1583.19,609.38,77.22,200.03,0.5264,-1,-1,-1
352,107,1584.13,609.25,78.59,201.01,0.5264,-1,-1,-1
352,108,1357.20,607.29,66.09,182.22,0.4532,-1,-1,-1
352,109,1398.87,599.74,49.84,192.13,0.1847,-1,-1,-1
352,110,140.79,669.87,50.97,160.39,0.2834,-1,-1,-1
353,49,80.62,678.11,65.36,173.31,0.4339,-1,-1,-1
353,98,1435.06,651.76,93.01,191.67,0.6676,-1,-1,-1
353,99,1583.55,610.61,74.80,202.47,0.5756,-1,-1,-1
353,107,1584.47,610.48,76.35,203.48,0.5756,-1,-1,-1
353,108,1357.02,605.14,64.92,186.39,0.4916,-1,-1,-1
353,109,1398.96,599.96,48.68,192.71,0.4510,-1,-1,-1
353,110,136.22,670.98,51.55,162.09,0.3596,-1,-1,-1
354,49,77.98,681.81,66.23,172.73,0.5197,-1,-1,-1
354,98,1442.91,655.65,86.53,195.74,0.6894,-1,-1,-1
354,99,1582.95,617.53,73.09,200.61,0.5588,-1,-1,-1
354,107,1583.74,617.47,74.50,201.47,0.5588,-1,-1,-1
354,108,1349.77,605.74,69.18,188.39,0.4860,-1,-1,-1
354,109,1395.81,601.69,59.17,193.30,0.3477,-1,-1,-1
354,110,129.90,671.46,53.48,164.38,0.3777,-1,-1,-1
355,49,81.85,679.47,55.40,177.46,0.4127,-1,-1,-1
355,98,1444.88,657.45,85.06,196.64,0.6566,-1,-1,-1
355,99,1582.72,625.57,73.19,195.58,0.5786,-1,-1,-1
355,107,1583.40,625.58,74.39,196.26,0.5786,-1,-1,-1
355,108,1349.29,607.41,64.67,190.18,0.4303,-1,-1,-1
355,109,1392.54,604.20,60.63,196.70,0.4293,-1,-1,-1
355,110,122.95,668.26,49.87,166.73,0.4648,-1,-1,-1
356,49,64.47,681.39,63.67,177.96,0.4241,-1,-1,-1
356,98,1441.65,659.05,91.91,198.66,0.6952,-1,-1,-1
356,99,1581.38,631.24,76.66,196.22,0.5770,-1,-1,-1
356,107,1581.98,631.29,77.70,196.79,0.5770,-1,-1,-1
356,108,1347.64,604.89,63.82,195.14,0.3902,-1,-1,-1
356,109,1391.28,608.83,60.86,199.11,0.3672,-1,-1,-1
356,110,115.99,666.10,53.63,171.42,0.3936,-1,-1,-1
357,49,69.44,680.16,54.06,177.49,0.3899,-1,-1,-1
357,98,1445.90,665.33,88.53,198.19,0.7572,-1,-1,-1
357,99,1578.13,641.47,82.34,193.61,0.6404,-1,-1,-1
357,107,1578.68,641.55,83.25,194.09,0.6404,-1,-1,-1
357,108,1347.73,590.86,58.58,209.99,0.3654,-1,-1,-1
357,109,1386.65,611.98,65.22,200.36,0.3771,-1,-1,-1
357,110,110.40,670.25,51.10,172.93,0.2815,-1,-1,-1
358,49,61.74,682.74,57.26,180.38,0.5443,-1,-1,-1
358,98,1448.74,670.37,84.33,194.98,0.7842,-1,-1,-1
358,99,1575.79,646.94,89.08,191.48,0.6255,-1,-1,-1
358,107,1576.29,647.02,89.91,191.88,0.6255,-1,-1,-1
358,108,1349.65,595.69,52.69,204.56,0.4392,-1,-1,-1
358,109,1386.12,614.13,68.51,199.84,0.5231,-1,-1,-1
358,110,104.02,673.47,49.90,174.56,0.2296,-1,-1,-1
359,49,50.53,690.31,57.58,177.34,0.3690,-1,-1,-1
359,98,1450.16,679.33,80.63,193.68,0.6677,-1,-1,-1
359,99,1577.35,650.63,92.32,193.99,0.6683,-1,-1,-1
359,107,1577.79,650.70,93.12,194.34,0.6683,-1,-1,-1
359,108,1346.33,594.42,53.37,191.45,0.4115,-1,-1,-1
359,109,1385.70,615.35,71.01,202.08,0.4642,-1,-1,-1
359,110,97.10,674.33,47.95,173.79,0.4345,-1,-1,-1
360,49,41.54,691.57,58.39,178.25,0.4084,-1,-1,-1
360,98,1452.88,684.48,76.43,193.73,0.7213,-1,-1,-1
360,99,1579.25,656.58,92.59,196.31,0.6186,-1,-1,-1
360,107,1579.64,656.64,93.31,196.63,0.6186,-1,-1,-1
360,108,1342.55,594.44,56.30,208.62,0.5521,-1,-1,-1
360,109,1380.48,620.76,76.86,200.00,0.4151,-1,-1,-1
360,110,92.69,674.44,48.53,171.53,0.3972,-1,-1,-1
361,49,34.19,690.53,59.91,181.88,0.4913,-1,-1,-1
361,98,1454.20,686.39,72.58,197.82,0.7348,-1,-1,-1
361,99,1579.67,661.09,93.61,195.63,0.6780,-1,-1,-1
361,107,1580.02,661.14,94.26,195.92,0.6780,-1,-1,-1
361,108,1341.56,593.37,55.02,209.16,0.4559,-1,-1,-1
361,109,1376.74,621.20,78.44,201.49,0.4502,-1,-1,-1
361,110,84.50,679.80,52.35,171.41,0.4341,-1,-1,-1
362,49,25.20,691.87,65.44,184.22,0.4408,-1,-1,-1
362,98,1453.87,685.68,75.33,203.76,0.7320,-1,-1,-1
362,99,1581.82,663.49,91.18,200.35,0.6443,-1,-1,-1
362,107,1582.12,663.54,91.77,200.62,0.6443,-1,-1,-1
362,108,1341.32,597.94,54.58,218.21,0.5294,-1,-1,-1
362,109,1374.75,623.57,84.10,205.82,0.4946,-1,-1,-1
362,110,77.62,682.29,49.77,172.49,0.4968,-1,-1,-1
363,49,17.42,694.21,66.95,189.01,0.3859,-1,-1,-1
363,98,1454.54,682.15,75.36,215.00,0.7406,-1,-1,-1
363,99,1583.02,662.81,87.39,204.00,0.5625,-1,-1,-1
363,107,1583.29,662.84,87.92,204.23,0.5625,-1,-1,-1
363,108,1339.62,599.29,55.36,221.29,0.5457,-1,-1,-1
363,109,1375.94,620.08,84.17,212.22,0.4929,-1,-1,-1
363,110,69.21,684.08,51.30,176.47,0.4350,-1,-1,-1
364,49,10.12,695.60,66.35,188.70,0.4325,-1,-1,-1
364,98,1452.46,688.08,80.41,220.45,0.7584,-1,-1,-1
364,99,1581.99,664.66,82.64,211.97,0.6292,-1,-1,-1
364,107,1582.23,664.69,83.08,212.19,0.6292,-1,-1,-1
364,108,1337.95,608.02,55.43,207.20,0.3122,-1,-1,-1
364,109,1374.36,627.88,68.97,211.40,0.4714,-1,-1,-1
364,110,63.33,684.72,51.31,178.37,0.3715,-1,-1,-1
365,49,4.01,700.77,64.64,192.06,0.4497,-1,-1,-1
365,98,1449.55,692.08,88.47,221.28,0.6988,-1,-1,-1
365,99,1582.60,666.43,78.32,214.29,0.5975,-1,-1,-1
365,107,1582.81,666.45,78.71,214.49,0.5975,-1,-1,-1
365,108,1338.00,623.30,51.26,176.56,0.3369,-1,-1,-1
365,109,1372.65,630.22,70.53,215.54,0.5356,-1,-1,-1
365,110,54.24,691.60,54.93,178.82,0.3847,-1,-1,-1
366,49,4.46,704.36,57.13,190.54,0.5091,-1,-1,-1
366,98,1448.46,697.02,94.18,223.58,0.7253,-1,-1,-1
366,99,1580.32,665.92,76.63,217.88,0.6737,-1,-1,-1
366,107,1580.50,665.94,76.95,218.06,0.6737,-1,-1,-1
366,108,1338.69,631.93,51.02,201.28,0.3635,-1,-1,-1
366,109,1372.08,632.68,69.73,217.71,0.6042,-1,-1,-1
366,110,48.51,693.78,53.91,176.11,0.5618,-1,-1,-1
367,49,1.29,713.10,53.92,187.88,0.5156,-1,-1,-1
367,98,1451.98,704.39,93.26,222.73,0.7107,-1,-1,-1
367,99,1578.40,663.86,80.50,229.13,0.6498,-1,-1,-1
367,107,1578.56,663.87,80.77,229.29,0.6498,-1,-1,-1
367,108,1335.47,639.09,50.36,175.65,0.4946,-1,-1,-1
367,109,1372.89,637.56,68.82,215.95,0.5760,-1,-1,-1
367,110,43.07,701.78,51.61,173.88,0.5367,-1,-1,-1
368,49,-1.33,715.76,48.35,190.31,0.4644,-1,-1,-1
368,98,1455.12,710.70,92.12,223.81,0.7127,-1,-1,-1
368,99,1576.41,664.89,84.97,234.99,0.6304,-1,-1,-1
368,107,1576.55,664.90,85.20,235.14,0.6304,-1,-1,-1
368,108,1333.86,644.54,49.79,169.89,0.4757,-1,-1,-1
368,109,1372.33,639.73,64.75,217.53,0.5891,-1,-1,-1
368,110,35.31,706.60,53.00,174.56,0.3835,-1,-1,-1
369,49,-1.71,716.75,43.86,195.38,0.4829,-1,-1,-1
369,98,1459.51,711.24,90.73,227.87,0.5707,-1,-1,-1
369,99,1576.57,664.11,86.09,238.40,0.6316,-1,-1,-1
369,107,1576.70,664.11,86.31,238.54,0.6316,-1,-1,-1
369,108,1329.83,645.65,54.86,195.61,0.5574,-1,-1,-1
369,109,1373.02,641.62,63.06,217.89,0.5802,-1,-1,-1
369,110,26.14,709.14,55.39,178.69,0.6029,-1,-1,-1
370,49,-1.93,719.63,33.76,195.57,0.3763,-1,-1,-1
370,98,1460.26,715.32,92.44,230.25,0.6383,-1,-1,-1
370,99,1568.12,663.67,96.91,241.04,0.6565,-1,-1,-1
370,107,1568.24,663.67,97.09,241.17,0.6565,-1,-1,-1
370,108,1326.88,645.62,58.00,211.70,0.3464,-1,-1,-1
370,109,1369.16,643.84,64.67,220.43,0.5170,-1,-1,-1
370,110,14.63,711.87,56.79,181.03,0.4460,-1,-1,-1
370,113,1505.26,576.56,42.58,67.49,0.3458,-1,-1,-1
371,49,-1.02,723.64,28.84,189.48,0.3568,-1,-1,-1
371,98,1461.36,718.66,92.48,230.40,0.7186,-1,-1,-1
371,99,1560.72,666.15,107.72,239.15,0.6947,-1,-1,-1
371,107,1560.83,666.15,107.90,239.26,0.6947,-1,-1,-1
371,108,1325.16,650.35,58.60,215.78,0.2765,-1,-1,-1
371,109,1366.53,645.08,66.90,222.44,0.4880,-1,-1,-1
371,110,9.11,714.37,55.90,185.29,0.5524,-1,-1,-1
371,113,1505.10,576.98,44.45,67.59,0.3103,-1,-1,-1
372,98,1460.94,720.12,94.06,232.43,0.7244,-1,-1,-1
372,99,1556.07,668.05,113.93,241.28,0.6669,-1,-1,-1
372,107,1556.17,668.05,114.11,241.38,0.6669,-1,-1,-1
372,108,1321.55,650.17,55.14,180.63,0.2569,-1,-1,-1
372,109,1362.89,646.24,69.74,224.13,0.5200,-1,-1,-1
372,110,1.68,717.15,57.56,184.22,0.6471,-1,-1,-1
372,113,1505.36,578.93,45.29,65.53,0.2168,-1,-1,-1
373,98,1460.08,720.60,96.03,235.02,0.7239,-1,-1,-1
373,99,1559.25,670.57,113.03,244.22,0.6847,-1,-1,-1
373,107,1559.34,670.57,113.20,244.31,0.6847,-1,-1,-1
373,108,1317.96,650.30,56.06,171.96,0.3113,-1,-1,-1
373,109,1360.06,648.61,72.02,224.57,0.4941,-1,-1,-1
373,110,-2.08,725.38,53.84,181.16,0.5496,-1,-1,-1
373,113,1506.46,578.12,42.56,65.77,0.2512,-1,-1,-1
374,98,1456.55,722.26,96.62,237.28,0.7138,-1,-1,-1
374,99,1558.78,675.63,113.28,244.45,0.6547,-1,-1,-1
374,107,1558.86,675.63,113.43,244.52,0.6547,-1,-1,-1
374,108,1313.41,646.25,56.06,169.23,0.3208,-1,-1,-1
374,109,1358.31,652.26,73.84,223.57,0.5884,-1,-1,-1
374,110,-2.81,729.53,45.68,177.97,0.6577,-1,-1,-1
374,113,1506.26,580.32,42.11,63.61,0.1779,-1,-1,-1
375,98,1455.47,723.86,90.26,239.37,0.7044,-1,-1,-1
375,99,1560.17,674.58,109.25,245.83,0.6330,-1,-1,-1
375,107,1560.23,674.58,109.39,245.90,0.6330,-1,-1,-1
375,108,1312.93,645.80,54.89,171.16,0.2546,-1,-1,-1
375,109,1357.13,655.58,76.76,222.85,0.5840,-1,-1,-1
375,110,-2.53,733.04,37.83,179.29,0.5737,-1,-1,-1
376,98,1455.78,725.50,84.44,241.57,0.7020,-1,-1,-1
376,99,1558.88,677.38,106.00,244.49,0.6108,-1,-1,-1
376,107,1558.93,677.38,106.12,244.55,0.6108,-1,-1,-1
376,109,1352.35,654.21,78.75,222.90,0.5087,-1,-1,-1
376,110,-2.14,734.90,26.86,174.91,0.5310,-1,-1,-1
376,114,1704.58,609.33,48.62,139.60,0.3564,-1,-1,-1
377,98,1455.55,725.61,82.75,246.38,0.6784,-1,-1,-1
377,99,1555.68,681.23,101.97,239.12,0.5969,-1,-1,-1
377,107,1555.73,681.23,102.07,239.17,0.5969,-1,-1,-1
377,109,1347.14,650.69,85.29,226.71,0.5839,-1,-1,-1
377,114,1706.09,608.21,41.94,141.14,0.2310,-1,-1,-1
378,98,1456.41,726.31,81.03,252.57,0.6445,-1,-1,-1
378,99,1551.01,683.08,101.53,242.66,0.6499,-1,-1,-1
378,107,1551.06,683.08,101.61,242.71,0.6499,-1,-1,-1
378,109,1341.54,648.20,87.00,231.13,0.4302,-1,-1,-1
378,114,1708.32,609.28,39.30,137.04,0.1791,-1,-1,-1
379,98,1456.15,726.35,79.80,259.92,0.6688,-1,-1,-1
379,99,1547.63,679.80,95.41,247.60,0.7072,-1,-1,-1
379,107,1547.68,679.80,95.49,247.64,0.7072,-1,-1,-1
379,109,1336.78,648.34,72.02,199.55,0.3057,-1,-1,-1
379,114,1710.35,608.43,39.32,134.22,0.2193,-1,-1,-1
379,115,1718.69,600.76,61.80,144.36,0.3526,-1,-1,-1
380,98,1454.31,725.76,79.81,266.21,0.6928,-1,-1,-1
380,99,1541.56,679.76,95.78,251.28,0.6643,-1,-1,-1
380,107,1541.60,679.76,95.85,251.31,0.6643,-1,-1,-1
380,109,1331.41,648.09,64.11,184.05,0.4129,-1,-1,-1
380,114,1710.63,607.09,38.37,136.76,0.2840,-1,-1,-1
380,115,1726.54,600.75,50.40,144.67,0.3179,-1,-1,-1
381,98,1452.70,726.85,87.65,268.70,0.7050,-1,-1,-1
381,99,1532.65,679.52,90.30,257.47,0.6150,-1,-1,-1
381,107,1532.68,679.52,90.35,257.50,0.6150,-1,-1,-1
381,109,1327.35,647.47,60.33,182.38,0.4176,-1,-1,-1
381,114,1711.61,602.67,50.80,141.62,0.3309,-1,-1,-1
381,115,1734.17,596.34,46.78,144.95,0.2558,-1,-1,-1
382,98,1449.94,731.00,89.79,269.66,0.6865,-1,-1,-1
382,99,1532.16,678.82,82.01,260.06,0.5855,-1,-1,-1
382,107,1532.18,678.82,82.05,260.09,0.5855,-1,-1,-1
382,109,1323.07,648.30,58.77,181.67,0.6209,-1,-1,-1
382,114,1713.45,593.83,58.76,150.35,0.4632,-1,-1,-1
382,115,1719.04,591.47,58.61,151.86,0.4632,-1,-1,-1
382,116,1444.83,559.64,44.53,82.92,0.3740,-1,-1,-1
383,98,1446.87,736.07,94.22,269.21,0.7161,-1,-1,-1
383,99,1528.34,684.60,82.23,254.20,0.5602,-1,-1,-1
383,107,1528.36,684.60,82.27,254.22,0.5602,-1,-1,-1
383,109,1320.05,648.82,55.17,184.76,0.6668,-1,-1,-1
383,114,1711.99,594.03,56.39,148.43,0.3534,-1,-1,-1
383,115,1712.66,593.48,55.56,148.67,0.3534,-1,-1,-1
383,116,1442.01,562.37,44.41,79.82,0.2836,-1,-1,-1
384,98,1443.61,739.92,99.14,271.17,0.7348,-1,-1,-1
384,99,1520.76,684.76,87.64,257.99,0.5851,-1,-1,-1
384,107,1520.78,684.76,87.68,258.01,0.5851,-1,-1,-1
384,109,1316.70,647.96,53.00,186.77,0.6727,-1,-1,-1
384,114,1711.34,595.30,55.88,147.95,0.3830,-1,-1,-1
384,115,1710.31,595.44,54.93,147.76,0.3830,-1,-1,-1
384,116,1439.31,562.17,46.20,80.09,0.3172,-1,-1,-1
385,98,1440.17,742.28,99.72,272.14,0.7481,-1,-1,-1
385,99,1517.52,687.98,90.56,253.98,0.6054,-1,-1,-1
385,107,1517.54,687.98,90.59,254.00,0.6054,-1,-1,-1
385,109,1308.35,645.91,56.46,190.47,0.1845,-1,-1,-1
385,114,1714.94,592.80,65.63,153.50,0.4331,-1,-1,-1
385,115,1713.78,593.01,65.34,153.40,0.4331,-1,-1,-1
385,116,1436.22,565.82,48.08,76.36,0.3919,-1,-1,-1
386,98,1434.46,745.72,97.17,274.46,0.7487,-1,-1,-1
386,99,1512.29,693.41,94.63,253.46,0.5701,-1,-1,-1
386,107,1512.30,693.42,94.66,253.48,0.5701,-1,-1,-1
386,114,1717.31,593.86,67.51,156.52,0.3018,-1,-1,-1
386,116,1433.05,561.89,47.09,81.13,0.3879,-1,-1,-1
386,113,1493.08,558.47,49.59,75.13,0.3481,-1,-1,-1
386,108,1243.69,642.98,59.82,219.06,0.3640,-1,-1,-1
387,98,1431.71,746.00,93.67,275.64,0.7025,-1,-1,-1
387,99,1506.37,693.29,96.91,256.10,0.6553,-1,-1,-1
387,107,1506.38,693.29,96.94,256.11,0.6553,-1,-1,-1
387,114,1724.05,588.98,66.95,156.07,0.3177,-1,-1,-1
387,116,1431.23,561.51,40.58,76.28,0.2985,-1,-1,-1
387,113,1492.13,554.80,51.78,76.46,0.4322,-1,-1,-1
387,108,1238.54,642.65,64.02,219.95,0.4951,-1,-1,-1
388,98,1428.50,747.40,91.93,280.88,0.6605,-1,-1,-1
388,99,1496.46,685.81,102.34,269.15,0.5974,-1,-1,-1
388,107,1496.47,685.81,102.36,269.17,0.5974,-1,-1,-1
388,114,1724.91,588.63,71.80,161.03,0.2883,-1,-1,-1
388,116,1429.55,565.54,39.72,71.37,0.2372,-1,-1,-1
388,113,1488.84,557.84,54.58,75.60,0.3930,-1,-1,-1
388,108,1233.65,646.84,59.49,217.07,0.4926,-1,-1,-1
389,98,1425.87,748.00,93.05,287.95,0.5931,-1,-1,-1
389,99,1487.30,684.81,109.47,273.90,0.6406,-1,-1,-1
389,107,1487.31,684.81,109.49,273.91,0.6406,-1,-1,-1
389,114,1730.50,589.59,66.77,162.49,0.3028,-1,-1,-1
389,113,1487.40,562.33,53.94,72.73,0.2666,-1,-1,-1
389,108,1219.85,646.20,65.83,219.66,0.4830,-1,-1,-1
390,98,1417.30,749.02,99.26,291.42,0.6095,-1,-1,-1
390,99,1484.60,689.01,108.76,269.49,0.5612,-1,-1,-1
390,107,1484.61,689.01,108.78,269.50,0.5612,-1,-1,-1
390,114,1734.55,589.10,62.32,161.42,0.2935,-1,-1,-1
390,113,1483.28,559.15,48.22,74.78,0.3224,-1,-1,-1
390,108,1220.62,646.94,61.35,224.33,0.4834,-1,-1,-1
390,109,1274.45,644.05,58.82,223.40,0.4331,-1,-1,-1
391,98,1408.31,752.85,108.22,297.05,0.5774,-1,-1,-1
391,99,1480.65,707.13,108.41,250.46,0.5664,-1,-1,-1
391,107,1480.66,707.13,108.43,250.47,0.5664,-1,-1,-1
391,114,1735.32,604.36,57.31,156.61,0.2575,-1,-1,-1
391,113,1481.58,559.68,50.76,80.56,0.4340,-1,-1,-1
391,108,1214.49,649.98,59.22,223.86,0.3407,-1,-1,-1
391,119,1530.94,564.01,45.21,83.35,0.3900,-1,-1,-1
391,116,1413.96,555.91,44.51,87.78,0.5165,-1,-1,-1
392,98,1399.30,755.32,109.33,297.38,0.6735,-1,-1,-1
392,99,1471.01,707.93,112.13,251.56,0.5198,-1,-1,-1
392,107,1471.02,707.93,112.14,251.57,0.5198,-1,-1,-1
392,114,1734.24,592.97,57.75,169.24,0.3318,-1,-1,-1
392,113,1474.13,561.25,48.36,75.43,0.2623,-1,-1,-1
392,108,1198.63,647.80,66.91,228.27,0.4906,-1,-1,-1
392,119,1525.32,560.37,43.79,90.50,0.3366,-1,-1,-1
392,120,1339.13,553.06,52.33,112.53,0.3810,-1,-1,-1
392,116,1406.99,552.11,46.58,91.32,0.3670,-1,-1,-1
392,109,1251.46,646.84,66.04,233.23,0.4927,-1,-1,-1
393,98,1393.61,761.05,111.27,297.87,0.6515,-1,-1,-1
393,99,1459.33,707.87,90.16,199.00,0.3620,-1,-1,-1
393,107,1460.63,704.22,108.27,256.21,0.2103,-1,-1,-1
393,114,1731.88,602.61,59.24,162.69,0.4079,-1,-1,-1
393,113,1469.31,563.06,49.15,78.37,0.5495,-1,-1,-1
393,108,1189.99,647.22,67.86,231.59,0.4799,-1,-1,-1
393,119,1519.54,562.81,43.85,91.21,0.4266,-1,-1,-1
393,120,1334.69,553.84,52.38,116.27,0.4282,-1,-1,-1
393,116,1393.27,546.87,56.42,97.11,0.2982,-1,-1,-1
393,109,1237.84,649.87,69.80,242.25,0.2964,-1,-1,-1
394,98,1387.45,764.17,107.98,299.60,0.5831,-1,-1,-1
394,107,1447.19,700.33,107.06,268.03,0.2481,-1,-1,-1
394,114,1730.05,603.49,57.21,159.92,0.4590,-1,-1,-1
394,113,1462.76,562.05,52.92,77.79,0.3512,-1,-1,-1
394,108,1182.00,649.80,66.90,230.13,0.5015,-1,-1,-1
394,119,1516.42,563.43,43.54,91.94,0.3002,-1,-1,-1
394,120,1329.13,554.03,50.45,116.40,0.4489,-1,-1,-1
394,116,1384.47,547.34,58.18,98.26,0.4484,-1,-1,-1
395,98,1379.90,767.46,102.79,301.94,0.6790,-1,-1,-1
395,107,1441.23,707.16,91.72,261.34,0.5118,-1,-1,-1
395,114,1727.97,600.35,56.76,165.31,0.4611,-1,-1,-1
395,113,1458.39,560.60,47.50,80.19,0.3552,-1,-1,-1
395,108,1170.52,649.24,69.48,236.58,0.6525,-1,-1,-1
395,119,1509.27,563.43,43.52,88.19,0.3352,-1,-1,-1
395,120,1321.76,556.05,51.38,121.13,0.5622,-1,-1,-1
395,116,1384.48,547.71,52.52,97.61,0.5514,-1,-1,-1
395,99,1442.66,709.65,84.87,245.59,0.5118,-1,-1,-1
396,98,1372.23,770.93,104.78,302.87,0.7461,-1,-1,-1
396,107,1432.01,705.01,88.36,255.36,0.4948,-1,-1,-1
396,114,1726.21,598.08,57.29,169.92,0.4980,-1,-1,-1
396,113,1447.56,558.55,48.75,82.09,0.3514,-1,-1,-1
396,108,1161.27,648.69,70.45,227.33,0.5778,-1,-1,-1
396,119,1502.41,561.54,42.99,87.56,0.2984,-1,-1,-1
396,120,1315.32,557.77,51.77,122.81,0.4676,-1,-1,-1
396,116,1381.44,547.42,47.71,99.23,0.4157,-1,-1,-1
396,99,1432.41,704.94,86.36,252.67,0.4948,-1,-1,-1
397,98,1365.02,772.79,103.20,305.46,0.6440,-1,-1,-1
397,107,1419.43,713.63,87.76,259.94,0.4163,-1,-1,-1
397,114,1723.50,600.64,56.54,168.98,0.5076,-1,-1,-1
397,113,1443.93,561.01,50.63,83.08,0.5600,-1,-1,-1
397,108,1149.42,648.71,72.46,230.71,0.6025,-1,-1,-1
397,119,1495.81,562.47,44.86,89.60,0.4560,-1,-1,-1
397,120,1311.60,561.42,49.85,122.44,0.4727,-1,-1,-1
397,116,1372.77,549.19,46.15,98.60,0.4724,-1,-1,-1
397,99,1419.53,712.23,87.36,261.73,0.4163,-1,-1,-1
398,98,1356.46,771.37,109.93,306.46,0.5333,-1,-1,-1
398,107,1403.80,715.55,83.09,194.37,0.3366,-1,-1,-1
398,114,1717.20,604.28,56.34,165.69,0.4393,-1,-1,-1
398,113,1436.62,559.26,51.51,86.37,0.3245,-1,-1,-1
398,108,1140.37,648.55,73.82,237.53,0.5449,-1,-1,-1
398,119,1489.23,562.96,40.50,85.69,0.2811,-1,-1,-1
398,120,1302.22,558.91,48.15,125.32,0.6488,-1,-1,-1
398,116,1366.10,550.36,47.29,96.66,0.4548,-1,-1,-1
399,98,1348.01,769.73,111.57,310.79,0.3335,-1,-1,-1
399,107,1400.71,705.69,75.33,171.80,0.2414,-1,-1,-1
399,114,1713.12,604.81,58.80,163.68,0.4787,-1,-1,-1
399,113,1429.66,559.96,47.80,80.07,0.2176,-1,-1,-1
399,108,1129.07,651.89,69.95,229.67,0.6109,-1,-1,-1
399,119,1479.85,558.94,43.22,91.56,0.3647,-1,-1,-1
399,120,1293.54,554.46,49.77,128.22,0.5964,-1,-1,-1
399,116,1360.39,553.95,41.60,93.69,0.3336,-1,-1,-1
400,98,1339.39,770.93,111.75,310.87,0.3856,-1,-1,-1
400,107,1383.02,714.70,75.33,156.30,0.4167,-1,-1,-1
400,114,1710.97,608.82,65.48,162.68,0.3388,-1,-1,-1
400,113,1420.78,561.63,50.14,82.09,0.5254,-1,-1,-1
400,108,1112.67,652.66,87.24,256.30,0.5451,-1,-1,-1
400,119,1471.81,559.26,44.26,93.16,0.4436,-1,-1,-1
400,120,1288.45,556.64,43.38,126.90,0.6083,-1,-1,-1
400,116,1350.03,550.48,42.92,97.86,0.5130,-1,-1,-1
400,99,1380.82,717.46,77.96,173.62,0.4167,-1,-1,-1
401,98,1324.96,772.20,114.29,309.05,0.5653,-1,-1,-1
401,107,1374.50,722.95,68.64,148.27,0.3487,-1,-1,-1
401,114,1707.00,610.02,60.61,161.61,0.3395,-1,-1,-1
401,113,1411.24,560.24,51.67,83.76,0.3437,-1,-1,-1
401,108,1095.44,655.90,85.76,252.09,0.7007,-1,-1,-1
401,119,1464.45,558.72,44.29,91.98,0.3094,-1,-1,-1
401,120,1278.19,554.05,45.84,130.26,0.6619,-1,-1,-1
401,116,1340.60,546.70,44.36,100.67,0.4687,-1,-1,-1
401,99,1374.01,724.29,69.44,152.37,0.3487,-1,-1,-1
402,98,1314.49,775.64,115.44,305.24,0.6448,-1,-1,-1
402,114,1702.73,610.11,68.95,166.13,0.1891,-1,-1,-1
402,113,1400.18,557.64,55.50,89.64,0.2987,-1,-1,-1
402,108,1076.20,655.93,97.09,252.85,0.6523,-1,-1,-1
402,119,1454.91,556.50,45.30,96.46,0.3016,-1,-1,-1
402,120,1268.17,552.31,46.94,129.97,0.4939,-1,-1,-1
402,116,1325.77,541.44,49.23,107.37,0.4397,-1,-1,-1
402,99,1363.28,721.61,64.05,148.44,0.2084,-1,-1,-1
403,98,1303.13,766.97,122.31,312.93,0.6407,-1,-1,-1
403,114,1697.59,611.70,66.94,170.12,0.2015,-1,-1,-1
403,113,1393.62,558.50,55.10,88.18,0.4315,-1,-1,-1
403,108,1059.03,656.17,107.71,273.58,0.6647,-1,-1,-1
403,119,1445.97,556.88,49.35,98.78,0.3681,-1,-1,-1
403,120,1261.18,552.97,42.29,129.23,0.4628,-1,-1,-1
403,116,1315.10,541.75,50.91,106.56,0.5202,-1,-1,-1
403,99,1341.21,727.04,71.53,143.26,0.2049,-1,-1,-1
404,98,1287.06,767.64,127.41,312.17,0.7311,-1,-1,-1
404,114,1691.91,611.60,56.81,172.78,0.2073,-1,-1,-1
404,113,1384.46,557.21,54.91,89.53,0.4260,-1,-1,-1
404,108,1058.67,659.08,99.52,280.85,0.6716,-1,-1,-1
404,119,1435.54,559.77,48.10,92.99,0.4463,-1,-1,-1
404,120,1251.16,549.14,43.56,130.86,0.4947,-1,-1,-1
404,116,1308.59,542.27,47.96,106.60,0.5543,-1,-1,-1
404,99,1330.30,722.23,66.23,139.71,0.1943,-1,-1,-1
405,98,1264.21,778.32,137.83,302.32,0.6210,-1,-1,-1
405,114,1687.86,610.81,69.68,179.28,0.1862,-1,-1,-1
405,113,1374.48,558.55,52.60,88.42,0.3299,-1,-1,-1
405,108,1041.23,660.04,103.93,282.40,0.6304,-1,-1,-1
405,119,1425.13,559.72,47.00,94.70,0.4478,-1,-1,-1
405,120,1241.58,547.03,40.03,134.00,0.4920,-1,-1,-1
405,116,1296.74,541.42,49.24,108.70,0.4407,-1,-1,-1
405,99,1316.27,725.21,60.88,133.37,0.2201,-1,-1,-1
406,98,1220.36,781.90,166.99,297.86,0.5779,-1,-1,-1
406,113,1363.63,555.50,56.05,91.60,0.2645,-1,-1,-1
406,108,1016.35,661.24,113.85,284.36,0.7467,-1,-1,-1
406,119,1415.14,556.84,47.04,95.69,0.3943,-1,-1,-1
406,120,1229.68,547.34,42.32,130.65,0.6197,-1,-1,-1
406,116,1289.52,541.48,45.87,106.65,0.6222,-1,-1,-1
406,99,1296.73,725.34,63.30,130.27,0.3596,-1,-1,-1
407,98,1191.68,781.84,181.01,298.12,0.6123,-1,-1,-1
407,113,1352.25,557.32,49.69,91.76,0.3668,-1,-1,-1
407,108,996.66,663.88,119.44,286.76,0.5517,-1,-1,-1
407,119,1404.28,553.97,47.06,102.07,0.4213,-1,-1,-1
407,120,1218.18,544.07,43.41,137.40,0.5248,-1,-1,-1
407,116,1278.92,546.78,44.33,103.24,0.5676,-1,-1,-1
407,114,1673.40,603.31,72.86,187.18,0.3394,-1,-1,-1
408,98,1188.55,790.60,169.80,288.61,0.5678,-1,-1,-1
408,113,1340.84,558.74,47.60,89.53,0.3600,-1,-1,-1
408,108,991.11,666.74,110.24,289.11,0.6287,-1,-1,-1
408,119,1394.34,555.89,45.07,97.77,0.4107,-1,-1,-1
408,120,1205.15,545.46,45.33,134.36,0.5757,-1,-1,-1
408,116,1267.21,543.84,43.58,105.05,0.6265,-1,-1,-1
408,114,1667.35,603.48,72.36,193.61,0.2403,-1,-1,-1
409,98,1185.66,792.32,154.08,287.68,0.7033,-1,-1,-1
409,113,1328.44,558.27,46.39,91.57,0.3676,-1,-1,-1
409,108,967.41,665.96,117.68,292.53,0.6842,-1,-1,-1
409,119,1381.97,553.22,45.44,102.95,0.4233,-1,-1,-1
409,120,1193.40,543.56,45.87,137.65,0.5569,-1,-1,-1
409,116,1252.33,546.15,47.38,104.79,0.4838,-1,-1,-1
409,114,1658.12,588.60,69.39,212.05,0.3448,-1,-1,-1
410,98,1182.26,804.89,137.25,275.41,0.5441,-1,-1,-1
410,113,1323.14,559.06,48.81,90.93,0.3963,-1,-1,-1
410,108,945.08,668.00,117.87,294.55,0.7119,-1,-1,-1
410,119,1371.58,550.52,43.93,107.08,0.3417,-1,-1,-1
410,120,1180.28,542.95,46.66,136.85,0.5673,-1,-1,-1
410,116,1239.57,542.78,48.07,107.01,0.5803,-1,-1,-1
410,114,1649.81,589.94,67.63,215.57,0.3474,-1,-1,-1
411,98,1164.53,813.54,136.92,265.92,0.7390,-1,-1,-1
411,113,1307.03,558.22,48.63,92.79,0.4078,-1,-1,-1
411,108,930.67,669.39,115.39,294.28,0.5428,-1,-1,-1
411,119,1357.46,550.34,46.61,107.38,0.4497,-1,-1,-1
411,120,1167.76,541.04,46.01,140.20,0.3982,-1,-1,-1
411,116,1227.45,544.29,47.46,107.62,0.5131,-1,-1,-1
411,114,1637.77,600.94,64.18,201.96,0.2845,-1,-1,-1
412,98,1149.08,822.95,133.16,255.04,0.6996,-1,-1,-1
412,113,1293.51,556.72,44.70,93.08,0.3485,-1,-1,-1
412,108,903.93,667.51,130.59,300.48,0.6780,-1,-1,-1
412,119,1345.38,552.38,44.25,103.26,0.5035,-1,-1,-1
412,120,1152.38,540.47,47.98,137.58,0.5157,-1,-1,-1
412,116,1215.04,540.46,44.98,110.63,0.5604,-1,-1,-1
412,114,1631.55,603.06,59.72,198.60,0.4097,-1,-1,-1
413,98,1120.59,818.14,141.66,261.19,0.5992,-1,-1,-1
413,113,1279.75,555.74,42.16,94.18,0.4545,-1,-1,-1
413,108,889.96,669.26,129.78,300.41,0.6614,-1,-1,-1
413,119,1331.18,550.30,43.95,107.52,0.4293,-1,-1,-1
413,120,1138.38,541.30,45.64,138.29,0.4519,-1,-1,-1
413,116,1198.61,538.02,46.66,115.64,0.5650,-1,-1,-1
413,114,1617.88,601.55,59.61,201.13,0.2243,-1,-1,-1
414,98,1111.02,824.76,130.75,254.78,0.6701,-1,-1,-1
414,113,1265.78,553.23,43.87,97.68,0.4608,-1,-1,-1
414,108,866.59,671.29,120.18,302.25,0.7009,-1,-1,-1
414,119,1318.02,551.69,45.53,105.09,0.4727,-1,-1,-1
414,120,1124.79,548.56,47.98,122.85,0.2784,-1,-1,-1
414,116,1182.64,538.19,48.93,115.68,0.6610,-1,-1,-1
415,98,1080.05,822.81,138.30,256.47,0.5635,-1,-1,-1
415,113,1252.10,556.09,49.17,94.27,0.4585,-1,-1,-1
415,108,840.09,671.72,120.35,304.89,0.7166,-1,-1,-1
415,119,1304.53,550.30,44.16,108.25,0.5070,-1,-1,-1
415,120,1110.09,545.61,47.24,130.20,0.4881,-1,-1,-1
415,116,1165.71,536.12,51.14,117.83,0.6298,-1,-1,-1
416,98,1065.61,827.19,131.07,250.00,0.6422,-1,-1,-1
416,113,1237.72,554.00,43.98,94.91,0.4522,-1,-1,-1
416,108,814.18,672.26,114.27,307.72,0.7553,-1,-1,-1
416,119,1287.88,551.39,46.87,106.18,0.4722,-1,-1,-1
416,120,1095.02,539.22,48.79,138.57,0.5351,-1,-1,-1
416,116,1148.46,535.14,51.63,118.30,0.5831,-1,-1,-1
417,98,1029.21,830.69,142.14,246.53,0.5397,-1,-1,-1
417,113,1222.29,554.68,46.53,93.59,0.4343,-1,-1,-1
417,108,785.45,674.82,113.07,308.76,0.7304,-1,-1,-1
417,119,1274.23,551.39,44.55,107.25,0.3935,-1,-1,-1
417,120,1081.46,539.02,48.75,132.31,0.4162,-1,-1,-1
417,116,1134.11,533.31,53.10,118.77,0.5393,-1,-1,-1
418,98,1015.96,833.80,130.51,245.04,0.6615,-1,-1,-1
418,113,1207.09,556.57,43.01,91.79,0.5133,-1,-1,-1
418,108,755.37,675.66,113.14,311.33,0.7946,-1,-1,-1
418,119,1256.99,551.70,44.51,106.67,0.4058,-1,-1,-1
418,120,1062.48,539.05,49.99,136.41,0.4719,-1,-1,-1
418,116,1117.03,531.49,55.78,118.86,0.7112,-1,-1,-1
418,124,1796.75,583.38,84.71,199.03,0.4687,-1,-1,-1
418,125,1621.32,604.64,72.28,173.46,0.4241,-1,-1,-1
419,98,1004.31,836.43,116.51,242.86,0.6643,-1,-1,-1
419,113,1192.19,551.90,41.52,95.26,0.5641,-1,-1,-1
419,108,720.45,676.69,120.40,315.26,0.7996,-1,-1,-1
419,119,1240.72,549.80,46.29,106.16,0.3748,-1,-1,-1
419,120,1047.02,538.81,50.53,134.06,0.4720,-1,-1,-1
419,116,1101.63,530.81,52.93,118.58,0.5705,-1,-1,-1
419,124,1779.83,575.92,95.51,209.58,0.4980,-1,-1,-1
419,125,1608.19,610.94,75.69,168.86,0.5803,-1,-1,-1
420,98,976.18,837.54,116.87,242.22,0.7124,-1,-1,-1
420,113,1176.86,552.47,45.26,94.13,0.5381,-1,-1,-1
420,108,688.67,679.31,125.70,315.92,0.7663,-1,-1,-1
420,119,1225.25,551.76,45.85,105.89,0.3605,-1,-1,-1
420,120,1032.13,533.05,51.03,135.73,0.4455,-1,-1,-1
420,116,1088.57,530.87,51.92,116.76,0.6096,-1,-1,-1
420,124,1767.29,575.03,78.03,202.25,0.6185,-1,-1,-1
420,125,1590.76,613.17,78.23,166.24,0.4450,-1,-1,-1
420,126,904.58,782.83,110.00,296.96,0.5557,-1,-1,-1
421,98,946.97,835.78,118.28,244.36,0.6579,-1,-1,-1
421,113,1160.09,553.34,45.93,94.80,0.5058,-1,-1,-1
421,108,657.88,680.56,128.96,317.92,0.7828,-1,-1,-1
421,119,1206.88,550.43,46.52,107.31,0.4579,-1,-1,-1
421,120,1011.68,535.47,52.22,138.35,0.5131,-1,-1,-1
421,116,1071.06,531.55,54.15,117.18,0.6502,-1,-1,-1
421,124,1752.34,577.63,70.07,202.69,0.6453,-1,-1,-1
421,125,1580.06,611.70,77.67,168.03,0.4711,-1,-1,-1
421,126,872.21,773.09,118.15,307.17,0.3357,-1,-1,-1
422,98,915.56,843.05,120.66,236.78,0.7687,-1,-1,-1
422,113,1142.83,551.62,44.25,95.14,0.4906,-1,-1,-1
422,108,625.39,679.24,138.38,325.62,0.8119,-1,-1,-1
422,119,1189.15,547.66,49.23,109.71,0.3941,-1,-1,-1
422,120,990.08,529.16,57.35,142.86,0.5408,-1,-1,-1
422,116,1052.45,529.52,53.07,117.12,0.5807,-1,-1,-1
422,124,1732.83,579.33,73.96,203.04,0.2692,-1,-1,-1
422,125,1558.65,609.55,83.25,171.13,0.5048,-1,-1,-1
422,126,851.81,786.62,107.42,292.53,0.5142,-1,-1,-1
423,98,882.77,848.46,122.08,231.45,0.7497,-1,-1,-1
423,113,1124.00,552.17,48.38,94.96,0.3632,-1,-1,-1
423,108,597.62,682.31,136.84,325.34,0.7453,-1,-1,-1
423,119,1170.61,548.54,47.83,107.53,0.1543,-1,-1,-1
423,120,970.04,528.01,56.05,141.22,0.5009,-1,-1,-1
423,116,1032.16,528.17,56.77,119.02,0.5553,-1,-1,-1
423,124,1717.57,578.46,68.58,203.55,0.5409,-1,-1,-1
423,125,1549.81,608.17,72.32,171.29,0.6357,-1,-1,-1
423,126,816.78,799.59,108.69,278.71,0.5449,-1,-1,-1
424,98,855.49,855.91,118.29,224.13,0.7105,-1,-1,-1
424,113,1105.20,551.70,45.51,94.71,0.4101,-1,-1,-1
424,108,562.75,686.94,143.95,325.08,0.7652,-1,-1,-1
424,119,1154.30,546.62,47.56,110.98,0.1724,-1,-1,-1
424,120,953.22,526.99,53.68,140.29,0.5572,-1,-1,-1
424,116,1012.53,528.49,58.87,117.59,0.5796,-1,-1,-1
424,124,1694.72,573.75,69.39,206.43,0.5573,-1,-1,-1
424,125,1536.81,609.80,67.80,170.21,0.6043,-1,-1,-1
424,126,786.98,813.40,108.56,266.14,0.4699,-1,-1,-1
425,98,821.83,861.95,119.13,218.12,0.7476,-1,-1,-1
425,113,1085.31,552.38,46.01,95.64,0.2154,-1,-1,-1
425,108,522.72,687.25,149.28,329.59,0.7404,-1,-1,-1
425,120,933.20,526.05,54.40,142.03,0.4811,-1,-1,-1
425,116,993.71,527.83,57.16,120.74,0.5311,-1,-1,-1
425,124,1672.96,572.42,71.56,207.98,0.6589,-1,-1,-1
425,125,1520.39,609.38,66.15,169.70,0.6158,-1,-1,-1
425,126,752.95,806.61,108.41,272.30,0.5018,-1,-1,-1
426,98,790.13,867.44,118.40,212.58,0.7128,-1,-1,-1
426,113,1067.81,549.96,45.46,97.25,0.3570,-1,-1,-1
426,108,484.15,691.54,137.22,329.81,0.6080,-1,-1,-1
426,120,915.01,522.99,54.97,145.28,0.5140,-1,-1,-1
426,116,975.50,527.22,56.93,121.55,0.5633,-1,-1,-1
426,124,1654.18,575.94,71.09,203.16,0.6671,-1,-1,-1
426,125,1506.55,609.80,62.25,167.50,0.5682,-1,-1,-1
426,126,720.86,815.56,101.08,264.10,0.3794,-1,-1,-1
426,119,1111.70,545.17,45.66,111.98,0.3401,-1,-1,-1
427,98,755.74,873.60,119.11,206.87,0.4977,-1,-1,-1
427,113,1045.92,551.57,47.01,98.72,0.2489,-1,-1,-1
427,108,440.81,696.54,168.01,333.67,0.6912,-1,-1,-1
427,120,895.10,526.23,55.25,140.85,0.4801,-1,-1,-1
427,116,956.67,529.89,54.95,121.30,0.5067,-1,-1,-1
427,124,1632.20,579.42,73.79,203.68,0.5688,-1,-1,-1
427,125,1488.65,608.92,64.99,170.40,0.5369,-1,-1,-1
427,126,686.34,897.58,100.73,182.79,0.2287,-1,-1,-1
427,119,1089.97,546.41,47.78,112.95,0.3189,-1,-1,-1
428,98,720.24,884.86,118.47,195.87,0.5370,-1,-1,-1
428,113,1024.63,551.51,47.86,102.93,0.2220,-1,-1,-1
428,108,406.30,700.54,176.42,340.07,0.5711,-1,-1,-1
428,120,868.93,528.62,60.28,142.23,0.5738,-1,-1,-1
428,116,936.91,530.82,55.96,123.85,0.5224,-1,-1,-1
428,124,1610.81,582.98,75.93,204.61,0.5802,-1,-1,-1
428,125,1470.73,609.20,65.34,172.54,0.4352,-1,-1,-1
428,126,645.45,947.41,106.94,131.48,0.3139,-1,-1,-1
428,119,1064.47,549.58,63.56,117.09,0.2101,-1,-1,-1
429,98,684.81,893.38,116.48,186.82,0.6580,-1,-1,-1
429,113,1012.04,554.34,42.22,104.34,0.2723,-1,-1,-1
429,108,382.74,703.76,145.29,323.37,0.4227,-1,-1,-1
429,120,852.04,530.93,54.88,137.84,0.4167,-1,-1,-1
429,116,917.52,531.00,54.43,125.46,0.4321,-1,-1,-1
429,124,1585.47,586.74,81.55,203.88,0.4164,-1,-1,-1
429,125,1453.10,610.43,69.12,178.43,0.4652,-1,-1,-1
429,119,1049.79,551.95,56.78,119.58,0.3356,-1,-1,-1
429,128,655.00,780.05,81.44,148.24,0.4406,-1,-1,-1
430,98,637.98,904.25,125.54,176.37,0.6652,-1,-1,-1
430,113,997.39,558.30,36.44,105.08,0.2613,-1,-1,-1
430,108,329.06,708.69,163.92,331.75,0.7221,-1,-1,-1
430,120,826.82,531.81,63.88,136.81,0.3031,-1,-1,-1
430,116,893.81,531.66,57.26,126.72,0.3252,-1,-1,-1
430,124,1561.22,588.26,80.99,202.36,0.6544,-1,-1,-1
430,125,1437.19,612.36,70.35,184.27,0.6185,-1,-1,-1
430,119,1028.20,555.38,53.14,121.05,0.4406,-1,-1,-1
430,128,616.87,789.10,82.17,161.95,0.4113,-1,-1,-1
430,130,540.50,858.25,122.42,211.35,0.5320,-1,-1,-1
430,114,1367.09,635.55,83.49,199.05,0.3547,-1,-1,-1
431,98,609.61,915.17,111.55,165.03,0.5316,-1,-1,-1
431,113,977.65,560.89,37.13,107.49,0.4600,-1,-1,-1
431,108,298.61,713.12,148.01,329.78,0.5726,-1,-1,-1
431,120,801.75,540.30,64.39,134.85,0.4177,-1,-1,-1
431,116,870.29,534.62,60.25,129.30,0.2371,-1,-1,-1
431,124,1540.22,592.86,83.28,205.27,0.4344,-1,-1,-1
431,125,1415.01,616.66,73.39,183.66,0.4846,-1,-1,-1
431,119,1011.32,560.42,48.80,121.68,0.4653,-1,-1,-1
431,128,565.24,798.26,89.87,175.07,0.3681,-1,-1,-1
431,114,1347.65,632.54,81.79,208.10,0.2745,-1,-1,-1
432,98,572.52,925.54,105.34,154.45,0.6391,-1,-1,-1
432,113,959.65,563.42,35.81,106.22,0.4745,-1,-1,-1
432,108,249.15,716.28,161.78,345.06,0.3326,-1,-1,-1
432,120,780.56,538.61,65.93,134.98,0.2819,-1,-1,-1
432,124,1516.19,592.82,84.37,206.01,0.6078,-1,-1,-1
432,125,1399.49,618.74,76.76,181.15,0.4413,-1,-1,-1
432,119,988.67,559.07,51.66,127.46,0.5241,-1,-1,-1
432,128,520.75,806.14,93.44,172.44,0.4851,-1,-1,-1
432,114,1328.59,634.12,82.51,214.97,0.3290,-1,-1,-1
432,130,444.17,870.24,144.38,209.37,0.5054,-1,-1,-1
433,98,528.89,937.21,107.17,143.37,0.6462,-1,-1,-1
433,113,938.94,566.31,34.61,105.31,0.4258,-1,-1,-1
433,108,210.65,724.74,156.96,332.05,0.5648,-1,-1,-1
433,120,758.24,539.98,62.41,137.17,0.4255,-1,-1,-1
433,124,1495.66,595.89,90.59,210.35,0.5098,-1,-1,-1
433,125,1380.79,625.22,79.96,180.31,0.3765,-1,-1,-1
433,119,964.50,561.71,54.91,130.62,0.4860,-1,-1,-1
433,128,480.68,814.51,87.98,162.94,0.5408,-1,-1,-1
433,114,1310.96,649.37,78.03,205.43,0.3046,-1,-1,-1
433,130,350.13,871.57,193.08,209.66,0.6784,-1,-1,-1
434,98,484.59,947.93,106.43,130.40,0.6239,-1,-1,-1
434,113,918.13,567.50,33.28,106.91,0.2724,-1,-1,-1
434,108,164.36,728.88,118.14,338.48,0.6667,-1,-1,-1
434,120,737.28,539.17,60.66,135.65,0.3649,-1,-1,-1
434,124,1474.45,595.35,82.34,210.83,0.5550,-1,-1,-1
434,125,1360.15,626.15,86.03,182.75,0.5637,-1,-1,-1
434,119,938.84,562.33,58.65,131.09,0.5065,-1,-1,-1
434,128,434.72,818.80,92.39,171.60,0.5505,-1,-1,-1
434,114,1285.24,635.43,90.35,223.45,0.4436,-1,-1,-1
434,130,294.50,878.71,201.83,202.44,0.7393,-1,-1,-1
435,98,434.55,960.19,109.76,118.84,0.6150,-1,-1,-1
435,113,887.02,566.40,41.89,109.78,0.3151,-1,-1,-1
435,108,115.53,734.33,103.96,341.81,0.6873,-1,-1,-1
435,120,716.04,541.90,62.41,133.32,0.3425,-1,-1,-1
435,124,1453.74,598.89,77.27,209.67,0.5298,-1,-1,-1
435,125,1342.01,629.26,84.36,181.60,0.5609,-1,-1,-1
435,119,920.75,564.40,57.46,132.66,0.3001,-1,-1,-1
435,128,389.37,826.58,99.72,170.10,0.5314,-1,-1,-1
435,114,1265.26,638.83,87.85,225.73,0.4014,-1,-1,-1
435,130,255.25,887.27,192.93,193.65,0.7124,-1,-1,-1
436,98,384.04,968.29,111.59,111.23,0.5863,-1,-1,-1
436,113,869.58,567.36,37.47,112.80,0.3414,-1,-1,-1
436,108,61.47,736.15,105.66,343.43,0.7330,-1,-1,-1
436,120,693.38,542.14,58.76,134.04,0.4105,-1,-1,-1
436,124,1430.75,600.43,75.09,209.09,0.6335,-1,-1,-1
436,125,1322.85,631.09,86.97,181.78,0.6079,-1,-1,-1
436,119,897.52,565.34,58.22,131.45,0.4337,-1,-1,-1
436,128,340.97,832.15,99.88,176.47,0.5250,-1,-1,-1
436,114,1241.45,639.10,85.42,230.38,0.5580,-1,-1,-1
436,130,224.42,893.20,172.67,187.30,0.7745,-1,-1,-1
437,98,332.97,977.88,103.05,101.21,0.5183,-1,-1,-1
437,113,845.78,568.37,39.13,117.73,0.3731,-1,-1,-1
437,108,7.87,739.80,124.17,342.37,0.7426,-1,-1,-1
437,120,672.14,547.71,60.42,132.32,0.3874,-1,-1,-1
437,124,1409.22,601.04,69.17,209.09,0.5367,-1,-1,-1
437,125,1301.62,633.34,89.07,182.69,0.6758,-1,-1,-1
437,119,878.00,567.81,55.72,131.00,0.4127,-1,-1,-1
437,128,292.52,843.22,98.19,174.70,0.5842,-1,-1,-1
437,114,1223.07,644.26,78.35,232.66,0.5706,-1,-1,-1
437,130,178.66,902.97,167.29,177.87,0.7789,-1,-1,-1
437,132,921.59,558.84,44.43,129.60,0.5288,-1,-1,-1
438,98,275.27,991.88,94.24,86.75,0.4964,-1,-1,-1
438,113,824.94,567.43,36.39,117.93,0.2865,-1,-1,-1
438,108,-14.38,739.27,87.26,303.25,0.4103,-1,-1,-1
438,120,649.09,547.26,62.09,133.28,0.5398,-1,-1,-1
438,124,1385.47,597.86,67.33,208.71,0.6426,-1,-1,-1
438,125,1282.28,631.74,85.49,184.58,0.5936,-1,-1,-1
438,119,856.92,567.28,56.44,132.99,0.4911,-1,-1,-1
438,128,242.89,841.30,98.76,188.94,0.4770,-1,-1,-1
438,114,1204.30,644.49,75.27,237.07,0.5704,-1,-1,-1
438,130,125.60,911.79,162.80,168.36,0.7473,-1,-1,-1
438,132,901.54,560.88,41.67,117.56,0.2840,-1,-1,-1
439,98,214.35,1001.93,96.37,76.82,0.5590,-1,-1,-1
439,113,794.69,566.24,45.45,118.89,0.2839,-1,-1,-1
439,120,626.65,547.99,61.74,134.59,0.4494,-1,-1,-1
439,124,1361.27,599.09,65.99,210.14,0.6038,-1,-1,-1
439,125,1263.35,632.50,79.55,183.68,0.5901,-1,-1,-1
439,119,834.38,567.56,54.84,134.43,0.4638,-1,-1,-1
439,128,192.98,849.08,97.44,186.89,0.2429,-1,-1,-1
439,114,1180.24,646.24,83.59,240.31,0.6064,-1,-1,-1
439,130,68.48,920.24,158.99,159.57,0.7723,-1,-1,-1
439,132,881.14,561.25,40.81,120.08,0.3217,-1,-1,-1
440,98,153.30,1014.55,100.48,65.32,0.3626,-1,-1,-1
440,113,765.98,567.26,45.89,118.97,0.2421,-1,-1,-1
440,120,601.91,551.85,53.54,130.09,0.6285,-1,-1,-1
440,124,1335.91,600.21,67.73,209.51,0.6070,-1,-1,-1
440,125,1242.64,633.72,79.82,189.87,0.5396,-1,-1,-1
440,119,812.03,568.75,53.06,136.55,0.4419,-1,-1,-1
440,128,136.53,860.90,96.36,184.47,0.4745,-1,-1,-1
440,114,1153.82,652.95,90.51,240.27,0.6821,-1,-1,-1
440,130,4.58,930.84,161.95,149.49,0.7368,-1,-1,-1
440,132,860.10,562.51,42.64,126.61,0.2598,-1,-1,-1
440,116,670.94,544.88,53.66,134.01,0.3846,-1,-1,-1
441,113,752.52,566.88,41.04,125.49,0.3928,-1,-1,-1
441,120,578.80,549.05,53.15,132.75,0.5486,-1,-1,-1
441,124,1308.55,598.93,71.15,217.39,0.5848,-1,-1,-1
441,125,1223.60,633.70,75.33,194.95,0.5350,-1,-1,-1
441,119,791.31,568.57,50.62,137.41,0.3847,-1,-1,-1
441,128,77.67,869.78,106.95,201.17,0.4315,-1,-1,-1
441,114,1129.11,656.44,95.77,240.74,0.7630,-1,-1,-1
441,130,-17.87,941.35,117.64,138.78,0.5770,-1,-1,-1
441,132,836.73,561.93,44.16,131.28,0.4579,-1,-1,-1
441,116,645.75,540.17,55.65,137.76,0.3379,-1,-1,-1
442,113,734.55,569.17,37.12,129.71,0.4355,-1,-1,-1
442,120,554.78,549.99,51.43,130.86,0.5147,-1,-1,-1
442,124,1284.93,600.55,69.63,216.06,0.6018,-1,-1,-1
442,125,1206.43,636.52,71.91,194.77,0.5192,-1,-1,-1
442,119,768.98,568.37,49.54,139.06,0.4436,-1,-1,-1
442,128,11.43,879.30,117.49,200.72,0.6595,-1,-1,-1
442,114,1103.23,666.81,99.63,233.52,0.7682,-1,-1,-1
442,132,813.56,564.65,45.92,129.89,0.3317,-1,-1,-1
442,116,621.09,537.51,58.63,142.75,0.3751,-1,-1,-1
443,113,712.35,570.54,36.53,132.68,0.4566,-1,-1,-1
443,120,530.81,563.47,47.15,119.06,0.5186,-1,-1,-1
443,124,1256.69,602.20,71.47,219.90,0.5905,-1,-1,-1
443,125,1185.21,636.91,72.18,197.44,0.6803,-1,-1,-1
443,119,746.64,569.77,47.95,138.07,0.3592,-1,-1,-1
443,114,1078.83,673.32,105.93,228.58,0.7825,-1,-1,-1
443,132,790.17,567.24,48.04,129.32,0.2771,-1,-1,-1
443,116,595.19,528.84,62.63,149.65,0.3990,-1,-1,-1
444,113,689.56,572.45,36.09,132.31,0.3760,-1,-1,-1
444,120,504.56,566.40,45.87,117.16,0.5784,-1,-1,-1
444,124,1230.06,603.81,73.77,217.63,0.6595,-1,-1,-1
444,125,1162.93,638.34,73.10,197.33,0.7124,-1,-1,-1
444,119,721.81,568.44,48.77,140.61,0.3354,-1,-1,-1
444,114,1052.08,676.54,107.03,230.74,0.7158,-1,-1,-1
444,132,769.82,567.13,46.46,130.04,0.3312,-1,-1,-1
444,116,572.08,531.84,57.46,145.76,0.1785,-1,-1,-1
445,113,665.32,573.23,36.72,135.90,0.4711,-1,-1,-1
445,120,480.43,570.07,44.82,118.36,0.5718,-1,-1,-1
445,124,1203.77,602.39,69.97,222.17,0.6144,-1,-1,-1
445,125,1139.83,637.49,75.42,202.53,0.6517,-1,-1,-1
445,119,699.38,569.32,47.32,139.97,0.3693,-1,-1,-1
445,114,1027.24,677.72,102.29,233.73,0.7714,-1,-1,-1
445,132,744.24,567.23,46.84,132.64,0.3651,-1,-1,-1
445,116,550.09,519.72,59.67,157.02,0.3545,-1,-1,-1
446,113,640.54,573.31,37.68,136.44,0.3513,-1,-1,-1
446,120,454.19,570.86,46.45,118.45,0.5701,-1,-1,-1
446,124,1178.51,602.85,72.98,221.80,0.6724,-1,-1,-1
446,125,1116.57,639.72,75.04,200.86,0.6798,-1,-1,-1
446,119,674.39,567.95,47.74,143.04,0.4169,-1,-1,-1
446,114,999.56,676.67,99.48,239.80,0.7730,-1,-1,-1
446,116,524.55,515.93,60.40,160.68,0.4142,-1,-1,-1
447,113,616.64,573.00,40.13,138.00,0.3543,-1,-1,-1
447,120,427.65,572.80,47.04,117.55,0.5538,-1,-1,-1
447,124,1153.06,601.24,72.60,223.36,0.6953,-1,-1,-1
447,125,1090.32,642.89,76.15,202.42,0.6834,-1,-1,-1
447,119,652.57,569.90,43.02,141.71,0.1651,-1,-1,-1
447,114,974.26,673.23,95.45,248.96,0.6439,-1,-1,-1
447,116,499.09,515.17,61.38,160.59,0.3601,-1,-1,-1
448,113,577.07,570.59,51.32,142.57,0.2853,-1,-1,-1
448,120,399.93,574.28,48.32,116.00,0.4296,-1,-1,-1
448,124,1125.21,602.80,68.58,220.81,0.6608,-1,-1,-1
448,125,1067.01,640.39,74.50,203.90,0.6315,-1,-1,-1
448,114,943.48,671.13,94.77,253.40,0.6800,-1,-1,-1
448,116,477.50,515.73,58.02,161.20,0.3581,-1,-1,-1
448,133,1000.16,615.62,64.30,166.02,0.3890,-1,-1,-1
449,113,542.82,566.62,51.95,148.50,0.4475,-1,-1,-1
449,120,370.67,570.53,52.83,119.60,0.6232,-1,-1,-1
449,124,1097.84,604.51,64.56,219.93,0.5668,-1,-1,-1
449,125,1041.14,639.08,78.36,207.72,0.6349,-1,-1,-1
449,114,913.11,670.21,104.94,264.54,0.6896,-1,-1,-1
449,116,449.93,507.08,64.41,170.52,0.3373,-1,-1,-1
449,133,974.87,615.56,61.46,143.87,0.2257,-1,-1,-1
449,132,652.07,562.07,45.85,135.77,0.3426,-1,-1,-1
450,120,341.09,568.44,54.15,121.06,0.5484,-1,-1,-1
450,124,1070.57,605.36,61.08,219.89,0.4625,-1,-1,-1
450,125,1019.44,641.17,72.81,203.23,0.5216,-1,-1,-1
450,114,882.60,674.06,99.39,259.80,0.6483,-1,-1,-1
450,116,425.06,503.86,67.64,178.41,0.2409,-1,-1,-1
450,133,943.58,614.55,69.35,201.18,0.4250,-1,-1,-1
450,134,1833.67,775.81,79.45,303.14,0.7835,-1,-1,-1
450,132,627.16,559.36,46.48,138.18,0.2810,-1,-1,-1
451,120,313.62,566.65,52.79,122.58,0.3530,-1,-1,-1
451,124,1039.58,606.29,60.94,227.60,0.3174,-1,-1,-1
451,125,990.33,636.53,83.05,212.94,0.5234,-1,-1,-1
451,114,851.07,680.50,93.54,266.85,0.7650,-1,-1,-1
451,133,916.28,616.20,70.30,218.00,0.4352,-1,-1,-1
451,134,1804.20,774.40,104.72,304.32,0.8401,-1,-1,-1
451,132,604.50,559.00,45.64,139.12,0.2980,-1,-1,-1
452,120,284.64,567.41,48.49,123.17,0.4945,-1,-1,-1
452,125,964.32,620.76,86.78,232.42,0.4451,-1,-1,-1
452,114,818.56,685.85,100.53,270.32,0.8028,-1,-1,-1
452,133,893.25,619.41,66.17,222.61,0.3655,-1,-1,-1
452,134,1772.22,774.32,134.93,303.50,0.8553,-1,-1,-1
452,132,580.48,559.75,44.93,138.75,0.1803,-1,-1,-1
452,113,481.76,566.91,42.39,148.89,0.3986,-1,-1,-1
453,120,252.82,569.67,50.64,123.72,0.3510,-1,-1,-1
453,125,939.04,618.15,89.39,236.68,0.5614,-1,-1,-1
453,114,786.34,691.54,104.14,268.92,0.7357,-1,-1,-1
453,134,1739.19,773.28,167.26,304.48,0.8488,-1,-1,-1
453,132,555.69,559.93,47.75,140.81,0.2745,-1,-1,-1
453,113,457.75,567.29,41.26,152.56,0.3806,-1,-1,-1
454,120,223.16,571.30,51.00,124.10,0.3433,-1,-1,-1
454,125,913.82,614.53,84.27,245.03,0.6743,-1,-1,-1
454,114,750.82,695.63,104.29,271.81,0.7773,-1,-1,-1
454,134,1710.25,772.79,184.62,307.93,0.8562,-1,-1,-1
454,132,526.17,561.18,51.13,141.15,0.3214,-1,-1,-1
454,113,428.75,569.77,42.46,155.34,0.4400,-1,-1,-1
454,133,840.45,620.53,64.58,220.98,0.4261,-1,-1,-1
455,125,887.77,616.58,82.03,247.80,0.7287,-1,-1,-1
455,114,717.07,699.27,101.38,273.99,0.7854,-1,-1,-1
455,134,1679.80,772.82,192.51,307.93,0.8523,-1,-1,-1
455,132,500.61,563.65,48.12,143.15,0.3968,-1,-1,-1
455,113,402.25,571.64,43.39,157.81,0.4812,-1,-1,-1
455,133,814.16,630.35,62.20,218.68,0.6826,-1,-1,-1
456,125,860.16,614.27,78.98,251.25,0.6912,-1,-1,-1
456,114,680.13,697.34,94.31,288.74,0.7836,-1,-1,-1
456,134,1646.64,768.89,197.73,311.78,0.8585,-1,-1,-1
456,132,474.37,561.55,46.94,146.09,0.4926,-1,-1,-1
456,113,372.80,572.10,42.12,160.95,0.3424,-1,-1,-1
456,133,783.13,632.12,65.21,222.67,0.5982,-1,-1,-1
457,125,826.66,619.92,85.10,251.65,0.5786,-1,-1,-1
457,114,643.84,697.03,90.76,303.62,0.7722,-1,-1,-1
457,134,1612.53,763.33,198.96,316.91,0.8524,-1,-1,-1
457,132,444.30,562.35,51.12,146.08,0.4456,-1,-1,-1
457,113,342.86,570.54,42.01,158.53,0.3937,-1,-1,-1
457,133,755.00,633.12,70.58,225.75,0.6255,-1,-1,-1
458,125,795.51,621.58,88.32,256.14,0.7007,-1,-1,-1
458,114,607.10,700.51,99.08,314.09,0.7407,-1,-1,-1
458,134,1577.91,761.04,200.38,318.57,0.8505,-1,-1,-1
458,132,412.67,561.30,55.83,148.31,0.4301,-1,-1,-1
458,113,311.98,572.61,44.07,162.85,0.4708,-1,-1,-1
458,133,721.97,638.50,70.82,224.71,0.6316,-1,-1,-1
458,120,88.04,551.81,62.94,149.82,0.5286,-1,-1,-1
459,125,766.21,658.41,88.26,223.90,0.4768,-1,-1,-1
459,114,566.00,704.35,102.22,322.68,0.7353,-1,-1,-1
459,134,1543.20,756.67,200.76,323.86,0.8502,-1,-1,-1
459,132,385.38,562.29,48.81,153.13,0.2455,-1,-1,-1
459,113,279.50,575.45,46.74,164.26,0.4416,-1,-1,-1
459,133,690.98,647.28,70.77,217.17,0.5329,-1,-1,-1
459,120,53.81,555.07,60.39,150.59,0.4968,-1,-1,-1
460,125,729.66,668.45,94.76,219.11,0.6046,-1,-1,-1
460,114,521.47,707.20,104.43,333.56,0.7355,-1,-1,-1
460,134,1507.85,757.67,199.59,323.52,0.8536,-1,-1,-1
460,132,357.22,565.83,55.43,151.56,0.4218,-1,-1,-1
460,113,247.62,578.13,46.97,162.39,0.3299,-1,-1,-1
460,133,658.63,650.89,71.65,220.63,0.6612,-1,-1,-1
460,120,18.78,551.76,60.02,154.88,0.1797,-1,-1,-1
461,125,702.44,650.67,88.74,242.33,0.6979,-1,-1,-1
461,114,474.69,720.94,108.03,332.54,0.7103,-1,-1,-1
461,134,1473.30,759.76,196.15,321.13,0.8649,-1,-1,-1
461,132,328.16,565.02,51.55,154.87,0.3654,-1,-1,-1
461,113,217.75,580.62,45.95,161.57,0.3329,-1,-1,-1
461,133,624.01,654.08,72.86,225.38,0.6034,-1,-1,-1
461,120,-5.35,554.21,43.56,156.56,0.3966,-1,-1,-1
462,125,669.91,639.96,91.19,258.03,0.5890,-1,-1,-1
462,114,427.50,731.15,118.08,329.06,0.7560,-1,-1,-1
462,134,1439.55,769.99,193.96,310.74,0.8505,-1,-1,-1
462,132,298.27,566.92,53.06,153.83,0.3399,-1,-1,-1
462,113,183.63,580.49,48.59,167.34,0.4218,-1,-1,-1
462,133,591.33,654.52,73.53,229.33,0.5048,-1,-1,-1
462,137,133.26,582.34,64.20,165.06,0.3652,-1,-1,-1
463,125,634.38,646.09,102.13,259.47,0.7212,-1,-1,-1
463,114,382.40,739.38,124.75,330.11,0.7758,-1,-1,-1
463,134,1404.71,784.69,191.12,296.30,0.8486,-1,-1,-1
463,132,267.85,575.66,55.33,148.74,0.2645,-1,-1,-1
463,113,144.39,586.64,57.00,164.46,0.3593,-1,-1,-1
463,133,555.29,655.56,76.58,233.59,0.5829,-1,-1,-1
463,137,95.23,613.96,60.74,135.20,0.3795,-1,-1,-1
464,125,598.84,645.43,107.16,265.50,0.6788,-1,-1,-1
464,114,333.96,748.59,136.60,329.54,0.6680,-1,-1,-1
464,134,1370.02,799.36,190.21,281.94,0.8722,-1,-1,-1
464,132,232.91,578.44,60.45,150.57,0.2678,-1,-1,-1
464,113,106.69,589.01,59.69,167.44,0.3384,-1,-1,-1
464,133,519.31,659.57,84.65,235.43,0.5353,-1,-1,-1
464,137,60.06,610.38,58.77,144.22,0.2415,-1,-1,-1
465,125,559.62,647.34,112.54,268.46,0.7090,-1,-1,-1
465,114,282.93,750.96,152.58,331.75,0.7200,-1,-1,-1
465,134,1334.31,814.35,189.66,266.16,0.8568,-1,-1,-1
465,113,68.64,587.53,62.12,170.92,0.2974,-1,-1,-1
465,133,484.06,658.81,87.08,239.38,0.6626,-1,-1,-1
465,137,22.77,618.40,57.76,138.34,0.2179,-1,-1,-1
465,119,122.24,575.78,58.80,167.63,0.3645,-1,-1,-1
466,125,526.60,672.99,109.49,252.12,0.6716,-1,-1,-1
466,114,227.53,757.86,166.88,326.43,0.8048,-1,-1,-1
466,134,1299.34,827.23,188.64,253.59,0.8279,-1,-1,-1
466,113,28.37,592.01,67.34,170.10,0.3247,-1,-1,-1
466,133,445.46,654.80,93.79,249.25,0.6196,-1,-1,-1
466,119,88.48,577.39,58.12,169.33,0.1862,-1,-1,-1
467,125,488.76,681.50,113.08,251.48,0.6665,-1,-1,-1
467,114,172.94,763.51,174.98,320.87,0.8410,-1,-1,-1
467,134,1266.29,838.48,185.47,241.69,0.7981,-1,-1,-1
467,113,-3.56,586.45,56.63,173.92,0.2725,-1,-1,-1
467,133,405.47,662.40,101.91,249.44,0.5689,-1,-1,-1
467,119,51.94,576.70,58.98,169.95,0.1556,-1,-1,-1
467,132,132.56,564.56,73.55,174.78,0.3775,-1,-1,-1
468,125,453.05,694.45,109.20,244.25,0.6066,-1,-1,-1
468,114,115.83,765.91,182.97,317.14,0.8536,-1,-1,-1
468,134,1233.56,848.64,182.79,231.28,0.8419,-1,-1,-1
468,133,369.84,665.11,91.22,252.19,0.3703,-1,-1,-1
468,119,19.34,578.68,55.49,169.92,0.2129,-1,-1,-1
468,132,106.53,574.45,65.83,170.97,0.3263,-1,-1,-1
469,125,412.77,697.40,112.39,245.98,0.5592,-1,-1,-1
469,114,55.81,772.81,189.65,309.00,0.8414,-1,-1,-1
469,134,1202.22,855.90,176.53,223.90,0.8573,-1,-1,-1
469,133,331.42,667.82,79.26,243.58,0.5330,-1,-1,-1
470,125,373.59,699.36,112.88,250.38,0.6652,-1,-1,-1
470,114,2.67,775.39,186.89,306.19,0.8448,-1,-1,-1
470,134,1168.31,856.29,174.36,222.90,0.8428,-1,-1,-1
470,133,290.01,662.72,98.46,262.46,0.5168,-1,-1,-1
471,125,337.69,699.58,110.93,254.66,0.6806,-1,-1,-1
471,114,-16.68,782.45,151.14,296.56,0.7705,-1,-1,-1
471,134,1131.32,854.43,174.41,224.26,0.8499,-1,-1,-1
471,133,250.29,660.81,98.23,273.96,0.5281,-1,-1,-1
472,125,298.35,698.75,109.88,257.17,0.6604,-1,-1,-1
472,134,1092.74,852.55,175.42,226.34,0.8267,-1,-1,-1
472,133,212.09,654.65,107.39,281.99,0.5760,-1,-1,-1
473,125,259.85,699.45,106.82,261.56,0.6885,-1,-1,-1
473,134,1053.10,852.25,178.47,227.39,0.8491,-1,-1,-1
473,133,167.74,658.62,111.14,287.66,0.5628,-1,-1,-1
474,125,219.27,703.27,101.56,261.68,0.6903,-1,-1,-1
474,134,1012.20,851.78,182.69,228.31,0.8508,-1,-1,-1
474,133,123.31,657.49,113.80,292.93,0.6520,-1,-1,-1
475,125,177.05,702.09,100.47,269.05,0.7059,-1,-1,-1
475,134,971.06,851.18,180.64,227.92,0.8338,-1,-1,-1
475,133,77.16,662.64,104.37,291.65,0.5921,-1,-1,-1
476,125,126.17,705.38,107.89,273.11,0.7533,-1,-1,-1
476,134,928.24,858.51,175.13,222.45,0.7548,-1,-1,-1
476,133,25.64,679.11,104.22,279.75,0.6379,-1,-1,-1
477,125,78.92,704.95,111.57,280.38,0.7144,-1,-1,-1
477,134,886.01,863.38,187.82,217.13,0.6598,-1,-1,-1
477,133,-7.04,704.85,87.35,251.70,0.3805,-1,-1,-1
478,125,26.42,713.88,98.45,255.91,0.3684,-1,-1,-1
478,134,842.21,869.35,193.67,211.34,0.7546,-1,-1,-1
479,134,796.78,881.09,193.86,199.93,0.6746,-1,-1,-1
480,134,751.45,890.47,192.79,190.38,0.6640,-1,-1,-1
481,134,705.16,885.50,189.31,195.78,0.7855,-1,-1,-1
482,134,682.38,881.21,163.96,199.41,0.7741,-1,-1,-1
483,134,621.86,879.03,171.37,200.60,0.8149,-1,-1,-1
483,140,1791.47,657.62,96.80,235.71,0.7170,-1,-1,-1
483,141,1722.19,649.16,81.64,139.86,0.4869,-1,-1,-1
484,134,565.99,877.49,175.03,201.69,0.8335,-1,-1,-1
484,140,1751.86,656.64,96.21,239.47,0.6562,-1,-1,-1
484,141,1682.21,646.90,81.19,251.95,0.4630,-1,-1,-1
485,134,513.11,878.10,173.90,201.01,0.8322,-1,-1,-1
485,140,1710.86,659.17,91.17,236.95,0.6314,-1,-1,-1
485,141,1646.57,647.28,74.48,219.91,0.5513,-1,-1,-1
486,134,461.75,879.02,173.05,198.33,0.8497,-1,-1,-1
486,140,1671.38,657.92,83.80,212.25,0.6011,-1,-1,-1
486,141,1599.86,644.69,82.71,210.15,0.4136,-1,-1,-1
487,134,406.96,887.05,172.92,190.49,0.8557,-1,-1,-1
487,140,1629.34,659.26,82.31,204.03,0.3948,-1,-1,-1
487,141,1554.93,645.60,82.87,279.48,0.3261,-1,-1,-1
488,134,352.99,898.28,172.65,179.96,0.8582,-1,-1,-1
488,140,1588.70,660.42,79.29,164.24,0.3911,-1,-1,-1
488,141,1512.30,647.09,87.10,270.65,0.3613,-1,-1,-1
489,134,302.52,913.66,167.99,165.21,0.8445,-1,-1,-1
489,140,1548.74,660.84,72.70,144.41,0.3816,-1,-1,-1
489,141,1457.58,649.79,98.61,263.58,0.6564,-1,-1,-1
490,134,253.56,927.14,159.19,152.02,0.8214,-1,-1,-1
490,140,1505.73,666.57,73.03,137.56,0.4470,-1,-1,-1
490,141,1408.48,658.01,104.73,255.52,0.6961,-1,-1,-1
491,134,204.01,943.20,153.09,137.01,0.8063,-1,-1,-1
491,140,1455.61,671.77,81.36,135.69,0.3424,-1,-1,-1
491,141,1363.74,663.30,103.17,252.34,0.7025,-1,-1,-1
492,134,153.89,951.46,149.56,128.61,0.8022,-1,-1,-1
492,140,1411.60,677.21,86.00,137.00,0.3353,-1,-1,-1
492,141,1325.76,667.71,99.01,251.47,0.6259,-1,-1,-1
493,134,99.10,960.64,150.02,120.60,0.8062,-1,-1,-1
493,140,1369.89,679.11,83.00,134.42,0.3803,-1,-1,-1
493,141,1286.76,669.03,93.42,256.36,0.6423,-1,-1,-1
494,134,42.11,965.91,147.81,114.20,0.7975,-1,-1,-1
494,140,1326.54,682.64,81.13,137.62,0.4807,-1,-1,-1
494,141,1250.07,672.18,83.56,262.25,0.6540,-1,-1,-1
495,134,-4.29,968.11,134.59,111.96,0.8047,-1,-1,-1
495,140,1283.27,687.81,78.66,139.95,0.4730,-1,-1,-1
495,141,1213.36,677.16,70.73,263.97,0.5880,-1,-1,-1
496,134,-17.28,968.21,80.02,111.17,0.5919,-1,-1,-1
496,140,1238.59,694.45,76.58,141.17,0.2925,-1,-1,-1
496,141,1172.35,681.73,68.02,270.37,0.6292,-1,-1,-1
497,141,1128.86,680.91,64.95,271.73,0.5991,-1,-1,-1
498,141,1080.72,680.44,69.80,275.15,0.6583,-1,-1,-1
498,140,1135.32,691.00,90.22,229.42,0.4747,-1,-1,-1
499,141,1031.60,680.73,72.81,275.45,0.6608,-1,-1,-1
499,140,1095.44,687.82,89.47,253.52,0.5535,-1,-1,-1
500,141,981.65,678.82,79.24,275.89,0.7314,-1,-1,-1
500,140,1051.72,685.96,86.63,261.72,0.6235,-1,-1,-1
501,141,934.27,679.89,87.46,276.73,0.7282,-1,-1,-1
501,140,1008.84,685.82,85.92,273.03,0.6590,-1,-1,-1
502,141,883.26,680.17,92.44,275.39,0.6859,-1,-1,-1
502,140,961.98,684.27,83.23,279.39,0.5906,-1,-1,-1
503,141,833.80,682.42,96.97,272.54,0.6909,-1,-1,-1
503,140,914.26,683.45,81.44,279.23,0.5857,-1,-1,-1
504,141,787.98,681.69,98.85,274.95,0.7613,-1,-1,-1
504,140,873.04,684.24,80.42,282.82,0.5891,-1,-1,-1
504,143,1831.40,652.22,76.99,165.49,0.7213,-1,-1,-1
505,141,735.75,682.93,100.86,286.96,0.7849,-1,-1,-1
505,140,824.93,689.11,82.04,298.85,0.5896,-1,-1,-1
505,143,1798.76,647.50,80.14,174.47,0.6050,-1,-1,-1
506,141,687.03,687.32,95.76,293.29,0.7063,-1,-1,-1
506,140,773.02,694.11,87.89,303.37,0.5742,-1,-1,-1
506,143,1764.75,654.31,77.80,169.29,0.6666,-1,-1,-1
506,144,1845.12,660.39,57.47,177.52,0.6141,-1,-1,-1
507,141,638.08,692.41,92.14,294.11,0.7606,-1,-1,-1
507,140,699.98,699.19,110.03,314.47,0.7068,-1,-1,-1
507,143,1737.00,654.90,71.13,166.50,0.6425,-1,-1,-1
507,144,1813.17,654.04,74.03,181.67,0.7320,-1,-1,-1
508,141,590.53,699.21,86.43,297.03,0.7602,-1,-1,-1
508,140,641.68,709.04,118.16,326.25,0.7299,-1,-1,-1
508,143,1702.14,658.13,74.52,167.59,0.5621,-1,-1,-1
508,144,1780.82,661.58,78.12,179.93,0.6041,-1,-1,-1
509,141,541.61,707.39,82.45,303.91,0.6886,-1,-1,-1
509,140,591.40,716.19,116.54,326.83,0.7480,-1,-1,-1
509,143,1668.21,663.97,76.32,168.97,0.6941,-1,-1,-1
509,144,1746.12,660.81,78.60,180.84,0.7211,-1,-1,-1
510,141,488.26,713.13,85.36,306.29,0.6367,-1,-1,-1
510,140,544.64,724.03,111.13,332.43,0.6782,-1,-1,-1
510,143,1636.64,670.21,72.04,168.02,0.6838,-1,-1,-1
510,144,1710.66,666.85,77.76,181.43,0.6902,-1,-1,-1
511,141,434.02,720.55,87.50,300.92,0.6165,-1,-1,-1
511,140,494.12,733.28,109.39,332.90,0.7495,-1,-1,-1
511,143,1599.57,672.99,71.97,169.26,0.7165,-1,-1,-1
511,144,1676.70,668.51,73.37,182.61,0.7264,-1,-1,-1
512,141,380.54,727.06,87.46,311.01,0.5389,-1,-1,-1
512,140,425.50,742.31,127.71,326.67,0.7187,-1,-1,-1
512,143,1560.88,672.81,76.95,176.41,0.7047,-1,-1,-1
512,144,1641.01,672.76,75.53,184.36,0.6744,-1,-1,-1
513,141,294.21,732.73,117.89,315.47,0.6430,-1,-1,-1
513,140,373.20,747.77,127.65,332.51,0.7005,-1,-1,-1
513,143,1524.92,672.10,80.68,178.73,0.7514,-1,-1,-1
513,144,1607.50,672.74,71.20,188.47,0.6596,-1,-1,-1
513,146,1619.78,567.83,35.37,106.50,0.3501,-1,-1,-1
514,141,219.08,739.44,136.67,322.46,0.5430,-1,-1,-1
514,140,312.66,753.38,131.73,330.33,0.7654,-1,-1,-1
514,143,1492.40,675.67,77.03,179.30,0.6380,-1,-1,-1
514,144,1569.77,673.30,77.32,195.20,0.6805,-1,-1,-1
514,146,1590.59,569.74,35.88,112.02,0.5217,-1,-1,-1
515,141,157.75,746.73,148.74,326.35,0.3857,-1,-1,-1
515,140,262.38,757.76,128.46,324.74,0.6420,-1,-1,-1
515,143,1462.05,674.47,74.30,179.82,0.7028,-1,-1,-1
515,144,1536.73,673.29,72.94,198.19,0.6554,-1,-1,-1
515,146,1561.88,570.38,38.85,112.20,0.6315,-1,-1,-1
516,141,102.14,750.49,138.41,327.83,0.3563,-1,-1,-1
516,140,207.26,761.21,122.07,318.17,0.6316,-1,-1,-1
516,143,1430.42,673.87,72.14,179.63,0.7503,-1,-1,-1
516,144,1504.63,676.85,72.38,198.79,0.6131,-1,-1,-1
516,146,1535.36,571.11,39.19,113.03,0.6467,-1,-1,-1
517,141,71.42,754.84,102.76,282.11,0.3544,-1,-1,-1
517,140,125.40,766.59,146.75,313.18,0.7482,-1,-1,-1
517,143,1396.49,672.86,74.73,183.63,0.6918,-1,-1,-1
517,144,1472.59,674.09,73.92,200.82,0.6680,-1,-1,-1
517,146,1508.11,571.59,39.11,109.62,0.6152,-1,-1,-1
517,147,1849.80,738.14,63.93,268.53,0.6684,-1,-1,-1
518,141,8.97,758.54,100.92,302.50,0.4854,-1,-1,-1
518,140,65.74,774.32,142.95,307.05,0.6758,-1,-1,-1
518,143,1360.02,675.04,80.67,184.63,0.5467,-1,-1,-1
518,144,1442.61,679.68,60.32,194.85,0.6109,-1,-1,-1
518,146,1480.01,571.98,40.34,107.32,0.5770,-1,-1,-1
518,147,1822.48,734.71,82.97,272.46,0.6593,-1,-1,-1
519,140,2.07,782.48,148.28,299.76,0.8029,-1,-1,-1
519,143,1322.95,675.20,85.15,186.64,0.6924,-1,-1,-1
519,144,1411.16,677.83,60.44,195.36,0.6635,-1,-1,-1
519,146,1452.12,569.12,43.24,107.05,0.5473,-1,-1,-1
519,147,1785.07,733.07,100.70,272.35,0.7417,-1,-1,-1
520,140,-21.42,789.34,108.47,292.17,0.3791,-1,-1,-1
520,143,1288.24,675.40,87.02,188.53,0.7500,-1,-1,-1
520,144,1376.27,677.22,71.67,196.93,0.7171,-1,-1,-1
520,146,1426.67,569.98,43.05,103.50,0.5412,-1,-1,-1
520,147,1752.21,733.25,105.49,274.29,0.5995,-1,-1,-1
521,143,1253.92,679.81,88.32,185.49,0.7217,-1,-1,-1
521,144,1346.96,678.38,70.47,202.03,0.7112,-1,-1,-1
521,146,1400.89,570.40,43.55,102.01,0.5579,-1,-1,-1
521,147,1714.62,732.32,111.09,276.23,0.5822,-1,-1,-1
522,143,1224.15,680.01,84.08,185.76,0.7215,-1,-1,-1
522,144,1315.13,677.58,68.41,203.04,0.6762,-1,-1,-1
522,146,1375.01,569.59,46.59,101.37,0.5403,-1,-1,-1
522,147,1669.63,731.94,121.49,277.87,0.3797,-1,-1,-1
523,143,1193.91,683.14,79.39,182.29,0.7331,-1,-1,-1
523,144,1281.42,678.45,72.64,205.46,0.7021,-1,-1,-1
523,146,1350.08,569.11,50.30,101.45,0.5400,-1,-1,-1
523,147,1640.56,729.85,119.92,271.51,0.6685,-1,-1,-1
524,143,1165.20,685.52,76.34,184.20,0.7118,-1,-1,-1
524,144,1250.50,680.40,73.09,206.28,0.7239,-1,-1,-1
524,146,1324.14,570.00,53.05,100.48,0.5656,-1,-1,-1
524,147,1610.00,726.79,116.83,274.54,0.6905,-1,-1,-1
525,143,1133.34,682.50,72.58,191.92,0.6775,-1,-1,-1
525,144,1215.86,678.61,73.96,212.44,0.6373,-1,-1,-1
525,146,1299.19,570.03,53.96,101.23,0.5810,-1,-1,-1
525,147,1578.36,727.60,117.92,275.02,0.7927,-1,-1,-1
526,143,1100.97,684.48,71.29,194.47,0.7436,-1,-1,-1
526,144,1179.30,678.04,79.52,218.02,0.7257,-1,-1,-1
526,146,1275.48,572.09,51.00,99.47,0.5844,-1,-1,-1
526,147,1545.07,724.26,118.18,276.26,0.7742,-1,-1,-1
527,143,1071.50,684.30,69.56,195.52,0.6846,-1,-1,-1
527,144,1144.68,680.79,80.82,219.56,0.6787,-1,-1,-1
527,146,1253.02,572.91,48.42,99.10,0.5493,-1,-1,-1
527,147,1513.80,723.10,115.81,274.23,0.5372,-1,-1,-1
528,143,1038.00,685.81,70.39,200.71,0.6997,-1,-1,-1
528,144,1110.02,684.20,84.39,222.72,0.7574,-1,-1,-1
528,146,1229.38,573.15,49.43,99.75,0.6030,-1,-1,-1
528,147,1479.12,725.42,117.72,270.78,0.7009,-1,-1,-1
529,143,1004.37,687.55,72.85,206.94,0.7331,-1,-1,-1
529,144,1068.36,687.65,94.59,226.88,0.7584,-1,-1,-1
529,146,1206.59,572.85,48.83,100.59,0.5896,-1,-1,-1
529,147,1442.77,726.37,122.81,274.96,0.6292,-1,-1,-1
530,143,969.84,694.56,74.65,209.24,0.6681,-1,-1,-1
530,144,1031.88,690.51,99.15,229.95,0.6775,-1,-1,-1
530,146,1183.50,572.86,46.96,100.63,0.6145,-1,-1,-1
530,147,1409.95,728.33,126.54,283.77,0.7403,-1,-1,-1
531,143,936.88,698.73,75.87,207.27,0.6237,-1,-1,-1
531,144,996.79,695.73,104.83,231.29,0.7042,-1,-1,-1
531,146,1161.89,571.27,45.65,102.23,0.6201,-1,-1,-1
531,147,1379.43,727.04,130.43,290.24,0.8185,-1,-1,-1
532,143,899.30,702.33,82.48,211.45,0.6622,-1,-1,-1
532,144,962.50,701.48,106.99,237.26,0.6895,-1,-1,-1
532,146,1141.64,571.24,44.79,104.80,0.6682,-1,-1,-1
532,147,1351.39,731.97,135.05,291.19,0.7072,-1,-1,-1
533,143,862.45,706.69,85.25,210.06,0.6865,-1,-1,-1
533,144,935.41,702.55,102.99,241.68,0.7112,-1,-1,-1
533,146,1118.93,569.95,45.91,106.88,0.6541,-1,-1,-1
533,147,1325.77,734.49,122.46,293.00,0.7369,-1,-1,-1
534,143,832.64,706.16,84.42,212.47,0.6525,-1,-1,-1
534,144,910.21,705.82,97.73,236.97,0.7622,-1,-1,-1
534,146,1097.75,570.65,44.90,108.64,0.6534,-1,-1,-1
534,147,1299.16,737.14,116.10,294.12,0.7131,-1,-1,-1
535,143,801.98,706.14,83.46,220.89,0.6751,-1,-1,-1
535,144,880.89,707.75,93.07,242.84,0.7502,-1,-1,-1
535,146,1076.12,569.98,43.23,110.21,0.6551,-1,-1,-1
535,147,1273.96,738.90,112.96,294.93,0.7396,-1,-1,-1
536,143,770.75,706.62,78.91,226.73,0.6747,-1,-1,-1
536,144,846.83,707.77,94.22,249.65,0.8327,-1,-1,-1
536,146,1057.16,573.55,43.18,108.75,0.5825,-1,-1,-1
536,147,1249.54,738.63,110.24,294.44,0.7715,-1,-1,-1
537,143,738.96,705.14,69.33,235.15,0.6369,-1,-1,-1
537,144,818.05,709.73,89.02,252.13,0.7013,-1,-1,-1
537,146,1036.28,574.80,43.85,107.39,0.6602,-1,-1,-1
537,147,1223.74,734.23,106.94,297.12,0.6899,-1,-1,-1
538,143,703.49,708.89,66.37,234.67,0.5697,-1,-1,-1
538,144,779.87,711.06,88.94,259.24,0.6952,-1,-1,-1
538,146,1016.54,578.78,43.86,109.01,0.6525,-1,-1,-1
538,147,1196.62,737.22,104.58,295.79,0.7852,-1,-1,-1
539,143,666.93,713.14,70.86,233.11,0.7134,-1,-1,-1
539,144,744.76,713.80,91.15,267.18,0.7926,-1,-1,-1
539,146,995.71,577.80,43.46,110.23,0.6729,-1,-1,-1
539,147,1170.74,735.56,106.10,297.21,0.7507,-1,-1,-1
540,143,623.66,717.27,85.15,238.98,0.6407,-1,-1,-1
540,144,714.81,717.43,83.08,269.16,0.6594,-1,-1,-1
540,146,977.12,578.83,43.71,111.78,0.6849,-1,-1,-1
540,147,1141.94,737.87,105.58,302.13,0.7527,-1,-1,-1
541,143,577.36,722.65,99.84,246.72,0.7052,-1,-1,-1
541,144,673.59,723.71,95.80,274.57,0.6790,-1,-1,-1
541,146,956.69,580.16,43.77,112.74,0.6275,-1,-1,-1
541,147,1113.50,740.69,104.16,302.64,0.7251,-1,-1,-1
542,143,528.95,725.21,114.29,250.07,0.6912,-1,-1,-1
542,144,633.98,729.85,101.41,275.23,0.7086,-1,-1,-1
542,146,936.80,583.17,46.29,112.23,0.7009,-1,-1,-1
542,147,1073.77,749.04,114.81,310.51,0.6380,-1,-1,-1
543,143,490.15,731.16,125.52,255.01,0.7032,-1,-1,-1
543,144,599.24,735.53,102.62,280.38,0.7804,-1,-1,-1
543,146,917.49,584.43,47.74,111.23,0.6851,-1,-1,-1
543,147,1049.72,751.78,113.23,307.80,0.7283,-1,-1,-1
544,143,450.99,744.40,133.34,259.36,0.7274,-1,-1,-1
544,144,560.60,746.32,106.69,294.92,0.7091,-1,-1,-1
544,146,896.21,586.24,47.76,111.82,0.7090,-1,-1,-1
544,147,1024.29,758.40,112.27,309.16,0.7081,-1,-1,-1
545,143,420.12,745.96,135.30,252.21,0.7176,-1,-1,-1
545,144,527.78,746.67,107.49,295.84,0.7578,-1,-1,-1
545,146,877.95,583.83,49.59,112.12,0.7021,-1,-1,-1
545,147,993.63,755.92,114.82,314.15,0.7430,-1,-1,-1
546,143,385.82,745.43,128.41,258.59,0.7419,-1,-1,-1
546,144,488.73,748.74,111.18,302.90,0.7639,-1,-1,-1
546,146,857.59,583.63,48.82,112.18,0.7116,-1,-1,-1
546,147,969.38,756.48,113.68,311.93,0.6960,-1,-1,-1
547,143,357.46,747.58,112.54,263.04,0.7223,-1,-1,-1
547,144,456.89,752.89,105.56,300.60,0.8201,-1,-1,-1
547,146,838.64,584.15,50.44,112.30,0.7228,-1,-1,-1
547,147,937.96,755.31,120.74,313.31,0.7429,-1,-1,-1
548,143,319.06,750.97,105.51,271.77,0.7353,-1,-1,-1
548,144,417.65,753.71,101.64,305.74,0.7997,-1,-1,-1
548,146,818.93,584.72,51.87,112.36,0.7541,-1,-1,-1
548,147,913.02,760.07,118.16,306.89,0.7660,-1,-1,-1
549,143,282.36,758.86,104.56,271.80,0.7634,-1,-1,-1
549,144,377.49,758.36,107.76,311.00,0.7927,-1,-1,-1
549,146,798.43,582.83,53.77,113.40,0.7152,-1,-1,-1
549,147,885.30,755.06,121.79,310.27,0.7788,-1,-1,-1
550,143,243.52,759.47,100.93,281.36,0.7293,-1,-1,-1
550,144,336.56,759.99,114.83,313.95,0.7553,-1,-1,-1
550,146,779.70,583.03,53.54,115.32,0.7180,-1,-1,-1
550,147,860.48,757.15,119.17,310.08,0.7359,-1,-1,-1
551,143,200.44,762.58,100.18,294.42,0.7373,-1,-1,-1
551,144,293.94,764.79,111.41,310.33,0.7213,-1,-1,-1
551,146,761.74,584.70,52.06,116.01,0.6974,-1,-1,-1
551,147,842.98,769.24,112.19,299.23,0.6297,-1,-1,-1
552,143,157.71,767.53,100.70,304.87,0.6995,-1,-1,-1
552,144,247.15,768.27,113.98,311.61,0.7925,-1,-1,-1
552,146,743.04,584.61,54.54,115.26,0.7550,-1,-1,-1
552,147,807.77,731.92,122.64,342.85,0.7284,-1,-1,-1
553,143,111.11,773.44,101.95,307.45,0.6905,-1,-1,-1
553,144,198.07,775.78,117.91,306.43,0.7402,-1,-1,-1
553,146,724.59,583.14,55.82,117.42,0.7020,-1,-1,-1
553,147,789.06,739.40,119.15,339.13,0.7112,-1,-1,-1
554,143,66.10,780.85,104.15,301.99,0.7074,-1,-1,-1
554,144,147.53,782.20,124.60,300.72,0.7760,-1,-1,-1
554,146,704.87,582.48,56.67,118.96,0.7027,-1,-1,-1
554,147,765.52,751.73,118.92,328.08,0.7557,-1,-1,-1
555,143,19.79,789.82,107.19,293.33,0.7458,-1,-1,-1
555,144,101.26,794.03,133.35,288.91,0.7606,-1,-1,-1
555,146,688.24,583.96,53.78,118.67,0.7199,-1,-1,-1
555,147,726.35,757.34,134.52,317.85,0.7076,-1,-1,-1
555,152,765.96,546.69,38.49,78.98,0.4226,-1,-1,-1
556,143,-6.67,796.20,84.60,286.60,0.6618,-1,-1,-1
556,144,54.59,802.87,129.68,278.44,0.7983,-1,-1,-1
556,146,669.81,581.07,54.36,120.35,0.7647,-1,-1,-1
556,147,699.77,760.81,132.94,304.42,0.7482,-1,-1,-1
556,152,747.20,541.40,38.17,83.11,0.2386,-1,-1,-1
557,144,5.36,814.19,128.40,266.90,0.8289,-1,-1,-1
557,146,651.99,579.46,53.17,121.05,0.7397,-1,-1,-1
557,147,680.49,764.40,126.73,310.42,0.7032,-1,-1,-1
557,152,734.65,544.62,38.03,79.53,0.4042,-1,-1,-1
558,144,-12.00,817.75,86.75,259.04,0.7041,-1,-1,-1
558,146,633.22,576.71,54.90,124.23,0.7541,-1,-1,-1
558,147,653.40,763.87,126.40,310.77,0.7617,-1,-1,-1
558,152,721.55,548.29,33.38,73.97,0.2334,-1,-1,-1
559,146,616.16,575.94,53.98,125.82,0.7400,-1,-1,-1
559,147,627.52,764.78,127.62,310.98,0.8016,-1,-1,-1
559,152,702.46,541.76,35.70,80.24,0.3745,-1,-1,-1
560,146,598.26,579.50,53.42,125.89,0.7687,-1,-1,-1
560,147,606.93,761.69,124.60,317.26,0.7896,-1,-1,-1
560,152,688.05,538.43,38.51,82.92,0.3472,-1,-1,-1
561,146,580.21,576.05,57.13,129.97,0.7432,-1,-1,-1
561,147,579.72,758.58,125.55,320.99,0.8302,-1,-1,-1
561,152,675.69,543.91,31.27,75.31,0.2700,-1,-1,-1
562,146,562.44,579.61,58.28,129.89,0.7125,-1,-1,-1
562,147,552.65,758.31,127.32,322.12,0.7907,-1,-1,-1
562,152,665.96,544.78,27.54,77.04,0.3070,-1,-1,-1
563,146,545.34,582.57,60.34,130.48,0.7620,-1,-1,-1
563,147,529.50,757.17,123.03,323.04,0.8607,-1,-1,-1
564,146,530.83,585.19,60.26,128.42,0.6849,-1,-1,-1
564,147,503.47,758.66,124.45,321.86,0.8215,-1,-1,-1
565,146,513.92,584.24,60.81,131.31,0.7126,-1,-1,-1
565,147,474.82,760.50,129.55,319.51,0.7227,-1,-1,-1
566,146,496.40,585.49,64.21,130.95,0.7681,-1,-1,-1
566,147,440.64,765.18,141.14,315.08,0.7203,-1,-1,-1
567,146,481.44,587.82,63.47,132.27,0.7734,-1,-1,-1
567,147,416.55,775.48,141.81,305.01,0.8360,-1,-1,-1
568,146,463.46,588.26,64.59,134.08,0.7325,-1,-1,-1
568,147,382.60,783.46,150.77,296.06,0.7891,-1,-1,-1
569,146,443.79,588.60,69.84,136.08,0.6931,-1,-1,-1
569,147,356.76,789.12,154.75,290.79,0.7919,-1,-1,-1
570,146,428.87,588.51,69.01,138.52,0.7264,-1,-1,-1
570,147,330.16,790.80,156.60,288.48,0.7938,-1,-1,-1
571,146,413.55,591.11,68.77,138.90,0.7138,-1,-1,-1
571,147,304.47,795.24,157.69,284.92,0.8197,-1,-1,-1
572,146,397.13,594.34,69.50,138.07,0.6665,-1,-1,-1
572,147,282.07,798.03,153.77,279.71,0.5795,-1,-1,-1
572,153,1855.21,588.76,62.89,163.35,0.4283,-1,-1,-1
573,146,381.17,594.38,68.78,141.38,0.7178,-1,-1,-1
573,147,261.70,798.68,149.08,245.23,0.5712,-1,-1,-1
573,153,1860.97,590.33,56.67,161.60,0.4557,-1,-1,-1
574,146,365.89,597.23,70.55,141.46,0.7035,-1,-1,-1
574,147,226.92,800.19,156.35,267.85,0.5440,-1,-1,-1
574,153,1857.82,588.86,52.10,161.12,0.4108,-1,-1,-1
575,146,346.51,598.32,72.94,141.07,0.7106,-1,-1,-1
575,147,203.48,800.69,151.58,242.93,0.6270,-1,-1,-1
575,153,1839.25,588.08,65.17,173.30,0.2070,-1,-1,-1
576,146,329.62,599.59,73.87,144.14,0.7441,-1,-1,-1
576,147,169.62,806.21,157.93,261.14,0.6867,-1,-1,-1
576,153,1832.81,587.03,65.87,174.99,0.3959,-1,-1,-1
577,146,312.73,599.17,75.52,144.54,0.6863,-1,-1,-1
577,147,144.44,807.98,155.65,231.26,0.5247,-1,-1,-1
577,153,1827.55,583.53,64.31,180.50,0.4354,-1,-1,-1
578,146,295.64,598.05,76.30,148.83,0.7531,-1,-1,-1
578,147,111.24,811.21,161.95,254.86,0.4211,-1,-1,-1
578,153,1821.13,581.17,61.26,183.60,0.2792,-1,-1,-1
579,146,279.20,598.14,73.77,151.71,0.7546,-1,-1,-1
579,147,83.86,817.32,161.95,225.70,0.5873,-1,-1,-1
579,153,1815.32,585.04,58.93,182.08,0.5370,-1,-1,-1
580,146,263.89,600.35,74.09,151.17,0.6790,-1,-1,-1
580,147,54.17,822.98,162.63,238.30,0.4697,-1,-1,-1
580,153,1809.39,589.48,58.91,180.01,0.6318,-1,-1,-1
581,146,247.23,597.49,74.64,157.01,0.7598,-1,-1,-1
581,147,13.32,828.15,172.88,245.30,0.7612,-1,-1,-1
581,153,1803.50,590.17,60.19,181.76,0.4666,-1,-1,-1
582,146,231.12,598.91,72.92,158.16,0.7674,-1,-1,-1
582,147,-4.89,833.90,163.60,245.10,0.8050,-1,-1,-1
582,153,1796.29,589.18,63.05,184.30,0.5943,-1,-1,-1
583,146,212.65,599.73,77.71,159.98,0.7496,-1,-1,-1
583,147,-10.10,836.88,142.43,237.25,0.6352,-1,-1,-1
583,153,1789.90,600.16,64.67,174.19,0.5116,-1,-1,-1
584,146,196.73,598.98,79.42,165.80,0.7856,-1,-1,-1
584,147,-9.54,837.12,112.35,238.03,0.7330,-1,-1,-1
584,153,1784.13,611.19,64.43,163.87,0.4755,-1,-1,-1
585,146,184.71,601.02,77.08,170.83,0.8117,-1,-1,-1
585,147,-7.66,844.06,80.42,234.62,0.7105,-1,-1,-1
585,153,1778.92,608.43,65.16,165.38,0.3031,-1,-1,-1
586,146,168.83,604.39,79.09,170.57,0.7213,-1,-1,-1
586,153,1775.14,593.10,64.80,178.54,0.3876,-1,-1,-1
587,146,155.25,607.37,81.76,170.84,0.7766,-1,-1,-1
587,153,1773.95,591.01,57.78,168.62,0.3607,-1,-1,-1
588,146,141.84,609.45,82.39,173.44,0.7847,-1,-1,-1
588,153,1772.48,587.05,56.93,165.24,0.4643,-1,-1,-1
589,146,126.85,612.84,85.04,174.18,0.7694,-1,-1,-1
589,153,1768.39,583.82,55.97,163.54,0.5740,-1,-1,-1
590,146,114.49,613.99,85.65,177.22,0.7594,-1,-1,-1
590,153,1766.33,582.12,57.76,168.72,0.6646,-1,-1,-1
591,146,100.04,614.88,84.21,179.55,0.7862,-1,-1,-1
591,153,1765.39,581.97,60.20,169.67,0.7534,-1,-1,-1
591,158,1225.07,525.69,30.58,77.96,0.4291,-1,-1,-1
592,146,85.90,618.73,86.24,177.62,0.7912,-1,-1,-1
592,153,1764.31,578.57,62.11,168.42,0.7301,-1,-1,-1
592,158,1225.83,527.95,28.64,75.23,0.3662,-1,-1,-1
593,146,72.42,618.43,86.34,181.92,0.7663,-1,-1,-1
593,153,1764.41,581.80,62.55,168.58,0.7708,-1,-1,-1
593,158,1224.83,528.92,28.00,75.07,0.4409,-1,-1,-1
593,159,332.97,534.57,41.40,99.17,0.5746,-1,-1,-1
594,146,57.46,621.13,91.07,184.44,0.7571,-1,-1,-1
594,153,1762.14,579.98,66.12,171.70,0.7166,-1,-1,-1
594,158,1223.73,528.84,29.00,74.13,0.4172,-1,-1,-1
594,159,330.17,536.65,39.26,97.67,0.4646,-1,-1,-1
595,146,44.74,621.31,89.16,188.10,0.7899,-1,-1,-1
595,153,1753.77,581.82,76.97,175.97,0.7262,-1,-1,-1
595,158,1223.46,528.54,29.20,76.10,0.4104,-1,-1,-1
595,159,325.84,536.76,40.50,95.98,0.5058,-1,-1,-1
596,146,30.42,626.13,90.82,189.60,0.7928,-1,-1,-1
596,153,1750.99,579.62,82.47,177.62,0.7310,-1,-1,-1
596,158,1224.87,526.98,29.28,76.33,0.4221,-1,-1,-1
596,159,319.85,536.88,43.19,97.17,0.5003,-1,-1,-1
597,146,16.61,627.55,91.70,192.27,0.7592,-1,-1,-1
597,153,1755.30,584.82,80.34,173.32,0.7489,-1,-1,-1
597,158,1227.09,527.69,28.08,76.40,0.3632,-1,-1,-1
597,159,315.32,533.30,42.51,103.00,0.6774,-1,-1,-1
598,146,2.36,637.14,96.50,192.63,0.7891,-1,-1,-1
598,153,1758.77,584.27,81.77,171.52,0.7621,-1,-1,-1
598,158,1228.39,527.73,27.49,76.25,0.3452,-1,-1,-1
598,159,310.28,536.67,42.53,104.69,0.5361,-1,-1,-1
599,146,-2.87,640.55,88.64,193.15,0.7887,-1,-1,-1
599,153,1763.84,582.80,82.50,172.92,0.7710,-1,-1,-1
599,158,1230.50,525.84,27.93,78.72,0.4843,-1,-1,-1
599,159,308.02,541.39,42.02,100.62,0.4999,-1,-1,-1
600,146,-4.79,647.50,78.53,192.28,0.7799,-1,-1,-1
600,153,1766.54,582.21,82.82,176.33,0.7862,-1,-1,-1
600,158,1232.07,522.15,29.11,83.28,0.5879,-1,-1,-1
600,159,303.73,544.58,43.76,99.00,0.4881,-1,-1,-1
601,146,-4.74,651.37,65.74,192.69,0.7086,-1,-1,-1
601,153,1774.87,580.57,76.74,178.51,0.7812,-1,-1,-1
601,158,1233.73,522.76,29.11,82.98,0.4027,-1,-1,-1
601,159,298.47,541.51,47.02,103.22,0.4740,-1,-1,-1
602,146,-3.86,661.21,53.01,185.38,0.5064,-1,-1,-1
602,153,1783.86,577.73,70.05,181.57,0.7091,-1,-1,-1
602,158,1235.15,521.63,28.89,83.98,0.3458,-1,-1,-1
602,159,294.04,538.62,49.24,108.29,0.4386,-1,-1,-1
603,146,-2.72,671.62,37.72,178.72,0.4416,-1,-1,-1
603,153,1789.73,578.81,64.94,182.39,0.6265,-1,-1,-1
603,158,1236.05,519.82,30.51,87.25,0.4021,-1,-1,-1
603,159,290.35,527.52,49.37,120.70,0.5466,-1,-1,-1
604,153,1800.52,575.78,54.92,186.19,0.4709,-1,-1,-1
604,158,1237.64,519.85,30.43,88.38,0.5448,-1,-1,-1
604,159,288.02,540.43,48.59,109.66,0.6024,-1,-1,-1
605,153,1811.31,579.93,48.34,183.77,0.5071,-1,-1,-1
605,158,1240.07,518.65,30.10,88.71,0.6185,-1,-1,-1
605,159,284.71,523.76,51.35,125.61,0.4644,-1,-1,-1
606,153,1814.60,581.48,48.87,187.88,0.1584,-1,-1,-1
606,158,1243.37,515.81,28.76,90.84,0.6174,-1,-1,-1
606,159,281.73,528.88,51.24,121.10,0.5505,-1,-1,-1
607,158,1245.06,515.24,29.16,91.60,0.6151,-1,-1,-1
607,159,279.43,537.95,51.14,112.75,0.5706,-1,-1,-1
608,158,1247.89,516.40,29.57,91.23,0.3066,-1,-1,-1
608,159,277.01,540.30,49.87,108.60,0.6194,-1,-1,-1
609,158,1250.85,517.49,31.05,90.59,0.5396,-1,-1,-1
609,159,275.63,545.21,49.05,101.43,0.4792,-1,-1,-1
610,158,1253.01,517.75,32.55,91.86,0.4888,-1,-1,-1
610,159,273.57,529.44,49.67,114.65,0.5587,-1,-1,-1
611,158,1255.53,516.67,30.71,95.76,0.4308,-1,-1,-1
611,159,270.94,515.71,50.96,127.68,0.5750,-1,-1,-1
612,158,1259.10,519.19,29.93,94.56,0.4562,-1,-1,-1
612,159,267.85,506.41,50.62,137.04,0.6361,-1,-1,-1
612,160,1825.81,591.23,44.98,180.96,0.4173,-1,-1,-1
613,158,1262.91,521.78,29.65,93.11,0.5649,-1,-1,-1
613,159,263.71,498.95,53.37,143.99,0.6912,-1,-1,-1
613,160,1830.36,595.58,49.60,180.18,0.5438,-1,-1,-1
614,158,1265.96,524.01,29.53,91.60,0.6230,-1,-1,-1
614,159,260.23,496.97,54.33,146.67,0.7440,-1,-1,-1
614,160,1835.50,597.48,59.98,187.09,0.5610,-1,-1,-1
615,158,1267.61,524.87,29.97,91.26,0.6180,-1,-1,-1
615,159,257.91,495.55,53.00,148.36,0.7417,-1,-1,-1
615,160,1839.99,601.37,63.86,194.64,0.5262,-1,-1,-1
616,158,1269.43,527.46,30.65,93.63,0.6309,-1,-1,-1
616,159,255.11,497.54,50.37,147.25,0.6219,-1,-1,-1
616,160,1847.20,604.99,61.73,194.30,0.5736,-1,-1,-1
617,158,1271.87,528.09,30.64,95.79,0.5778,-1,-1,-1
617,159,253.59,498.03,50.30,145.01,0.6405,-1,-1,-1
617,160,1851.42,610.81,57.03,192.20,0.5695,-1,-1,-1
618,158,1274.36,530.65,31.88,96.32,0.5522,-1,-1,-1
618,159,250.42,500.45,49.63,143.53,0.6317,-1,-1,-1
618,160,1854.73,611.70,63.11,197.05,0.6581,-1,-1,-1
619,158,1275.90,531.82,33.61,96.21,0.6064,-1,-1,-1
619,159,248.19,503.58,49.54,142.72,0.6438,-1,-1,-1
619,160,1860.69,609.93,60.64,202.95,0.6305,-1,-1,-1
620,158,1276.44,532.55,36.12,98.41,0.6345,-1,-1,-1
620,159,246.03,504.66,49.80,142.91,0.5905,-1,-1,-1
620,160,1867.85,610.26,54.09,207.16,0.6591,-1,-1,-1
621,158,1281.42,530.44,35.12,101.96,0.6011,-1,-1,-1
621,159,244.35,501.83,49.71,147.12,0.6202,-1,-1,-1
621,160,1876.05,609.52,45.78,207.61,0.5314,-1,-1,-1
622,158,1286.74,530.73,32.01,105.18,0.5723,-1,-1,-1
622,159,241.62,501.05,49.18,148.30,0.6673,-1,-1,-1
622,160,1881.38,611.31,39.89,202.55,0.6150,-1,-1,-1
623,158,1291.99,528.52,33.43,104.53,0.6337,-1,-1,-1
623,159,238.84,500.04,49.10,153.74,0.6347,-1,-1,-1
623,160,1888.01,604.80,33.37,197.89,0.3994,-1,-1,-1
624,158,1295.81,530.08,35.21,105.56,0.6203,-1,-1,-1
624,159,237.73,498.46,48.22,153.90,0.6679,-1,-1,-1
624,160,1894.07,630.83,26.54,169.89,0.2399,-1,-1,-1
625,158,1300.53,534.72,35.81,103.65,0.6304,-1,-1,-1
625,159,236.33,509.35,48.45,148.80,0.6579,-1,-1,-1
626,158,1305.23,530.72,40.81,107.77,0.5578,-1,-1,-1
626,159,235.31,516.94,48.99,138.36,0.6768,-1,-1,-1
627,158,1311.41,529.41,39.64,109.36,0.6457,-1,-1,-1
627,159,234.87,533.29,48.31,128.60,0.6338,-1,-1,-1
628,158,1318.24,531.74,39.15,108.74,0.6342,-1,-1,-1
628,159,234.88,537.88,48.49,124.36,0.6426,-1,-1,-1
629,158,1324.22,529.60,39.85,107.08,0.7123,-1,-1,-1
629,159,234.55,551.25,47.96,117.58,0.7022,-1,-1,-1
630,158,1330.84,529.69,42.30,107.60,0.6755,-1,-1,-1
630,159,235.49,551.29,47.96,118.38,0.6715,-1,-1,-1
630,162,311.99,491.87,18.94,37.04,0.3589,-1,-1,-1
631,158,1340.00,528.93,39.83,109.34,0.6769,-1,-1,-1
631,159,236.37,552.18,50.62,117.37,0.6435,-1,-1,-1
632,158,1346.65,530.77,40.69,108.98,0.7132,-1,-1,-1
632,159,237.21,554.46,51.92,118.41,0.6209,-1,-1,-1
633,158,1354.23,534.65,42.73,108.95,0.6610,-1,-1,-1
633,159,238.45,551.97,53.87,122.19,0.6099,-1,-1,-1
634,158,1362.95,536.68,41.33,107.99,0.6405,-1,-1,-1
634,159,239.17,553.82,51.70,124.30,0.6022,-1,-1,-1
635,158,1370.14,533.79,43.64,115.94,0.7261,-1,-1,-1
635,159,241.84,549.38,52.43,127.38,0.5529,-1,-1,-1
636,158,1378.06,538.71,43.11,114.37,0.6076,-1,-1,-1
636,159,243.02,551.66,51.83,129.04,0.5862,-1,-1,-1
637,158,1389.08,539.50,41.25,115.57,0.4784,-1,-1,-1
637,159,245.21,543.07,53.43,138.10,0.5289,-1,-1,-1
638,158,1397.33,539.09,43.02,120.27,0.6066,-1,-1,-1
638,159,246.02,537.36,54.13,146.92,0.6135,-1,-1,-1
639,158,1411.14,548.89,38.62,114.62,0.4551,-1,-1,-1
639,159,248.68,536.27,54.29,149.04,0.6487,-1,-1,-1
640,158,1419.43,553.20,39.83,109.49,0.3656,-1,-1,-1
640,159,250.83,535.86,52.99,152.29,0.6525,-1,-1,-1
641,158,1430.66,554.40,38.34,106.42,0.5201,-1,-1,-1
641,159,254.25,537.52,52.39,152.36,0.6611,-1,-1,-1
642,158,1442.27,558.58,38.69,105.91,0.5630,-1,-1,-1
642,159,257.32,534.96,52.14,155.16,0.5651,-1,-1,-1
643,158,1454.88,562.31,36.80,98.78,0.3616,-1,-1,-1
643,159,260.07,530.89,51.15,160.84,0.5508,-1,-1,-1
644,158,1465.36,561.19,39.17,111.56,0.2456,-1,-1,-1
644,159,263.09,529.44,48.83,163.10,0.4253,-1,-1,-1
645,158,1479.39,564.43,36.08,85.94,0.4168,-1,-1,-1
645,159,266.65,556.83,47.77,137.46,0.3867,-1,-1,-1
646,158,1489.69,564.05,39.62,74.34,0.4665,-1,-1,-1
646,159,271.56,568.45,47.04,128.10,0.4154,-1,-1,-1
647,158,1503.00,568.66,37.85,69.13,0.2958,-1,-1,-1
647,159,275.54,545.93,44.55,150.65,0.4641,-1,-1,-1
648,158,1514.39,570.22,40.41,70.08,0.1560,-1,-1,-1
648,159,279.72,558.70,46.12,138.64,0.5229,-1,-1,-1
649,159,284.13,541.06,45.39,149.51,0.4939,-1,-1,-1
650,159,285.95,535.44,48.08,158.61,0.5935,-1,-1,-1
651,159,290.86,532.98,49.99,164.57,0.4293,-1,-1,-1
652,159,300.20,543.23,46.85,141.02,0.5725,-1,-1,-1
653,159,306.93,553.42,44.22,132.08,0.3337,-1,-1,-1
654,159,312.69,557.23,42.69,133.71,0.5726,-1,-1,-1
655,159,319.92,530.82,42.29,156.52,0.4945,-1,-1,-1
655,158,1618.18,563.48,48.61,57.98,0.3542,-1,-1,-1
656,159,327.42,534.26,44.70,163.60,0.5395,-1,-1,-1
656,158,1634.75,563.06,49.46,55.17,0.3289,-1,-1,-1
657,159,335.01,532.67,45.20,170.06,0.5519,-1,-1,-1
657,158,1656.01,566.08,47.61,59.50,0.3427,-1,-1,-1
658,159,345.84,561.20,44.52,145.18,0.3959,-1,-1,-1
658,158,1675.29,570.68,45.66,61.02,0.3262,-1,-1,-1
659,159,349.65,585.27,49.31,136.41,0.3628,-1,-1,-1
659,158,1693.76,584.93,49.73,60.66,0.2062,-1,-1,-1
660,159,356.76,587.97,47.24,131.91,0.4924,-1,-1,-1
660,158,1710.88,592.20,51.17,64.63,0.2557,-1,-1,-1
661,159,360.23,591.52,49.97,131.76,0.5637,-1,-1,-1
661,158,1724.45,598.07,57.26,64.88,0.3983,-1,-1,-1
662,159,366.19,595.80,52.62,127.15,0.5369,-1,-1,-1
662,158,1746.26,606.51,56.53,61.73,0.3074,-1,-1,-1
663,159,377.58,598.62,49.14,121.74,0.5336,-1,-1,-1
663,158,1765.64,613.19,54.66,65.44,0.2161,-1,-1,-1
664,159,382.64,593.11,53.19,124.11,0.6049,-1,-1,-1
664,158,1784.51,624.59,57.63,67.40,0.1675,-1,-1,-1
665,159,389.15,596.89,55.85,119.37,0.4860,-1,-1,-1
665,158,1802.28,621.83,61.15,74.63,0.1931,-1,-1,-1
666,159,394.68,593.83,62.07,119.44,0.6449,-1,-1,-1
666,158,1820.33,631.21,64.96,75.35,0.2609,-1,-1,-1
667,159,398.20,588.81,71.40,124.71,0.5617,-1,-1,-1
668,159,400.01,584.36,83.19,133.18,0.6016,-1,-1,-1
669,159,406.44,576.88,93.25,138.86,0.4365,-1,-1,-1
669,167,394.86,518.42,25.63,77.16,0.3688,-1,-1,-1
670,159,414.81,572.06,98.39,142.05,0.6277,-1,-1,-1
670,167,400.72,513.66,28.32,80.02,0.6398,-1,-1,-1
671,159,426.04,568.56,98.24,144.30,0.5765,-1,-1,-1
671,167,405.28,511.67,28.07,78.11,0.4921,-1,-1,-1
672,159,437.92,567.49,96.14,143.44,0.2274,-1,-1,-1
672,167,411.30,509.12,28.00,76.38,0.4475,-1,-1,-1
673,159,475.49,567.24,71.16,143.30,0.2427,-1,-1,-1
673,167,415.90,509.68,29.98,77.61,0.1857,-1,-1,-1
674,159,498.66,559.06,61.27,141.00,0.3765,-1,-1,-1
675,159,486.05,557.56,88.30,144.05,0.3060,-1,-1,-1
675,167,427.88,493.23,32.03,82.69,0.3896,-1,-1,-1
676,167,431.39,498.21,31.33,82.06,0.5492,-1,-1,-1
677,167,437.45,493.49,33.61,84.83,0.4568,-1,-1,-1
678,167,442.21,495.69,35.58,86.56,0.3790,-1,-1,-1
679,167,448.04,510.04,36.46,83.93,0.3661,-1,-1,-1
679,159,533.59,573.60,99.65,145.21,0.5492,-1,-1,-1
680,159,564.61,568.46,82.16,141.60,0.3370,-1,-1,-1
681,159,582.60,595.52,80.46,140.81,0.4250,-1,-1,-1
682,159,602.72,618.55,76.38,137.94,0.3639,-1,-1,-1
683,159,617.95,593.30,62.37,137.53,0.3245,-1,-1,-1
683,167,463.24,521.43,32.50,88.84,0.3559,-1,-1,-1
684,167,465.77,516.12,34.66,83.79,0.2997,-1,-1,-1
685,167,469.54,518.36,33.71,81.63,0.4306,-1,-1,-1
686,167,475.09,509.47,31.50,82.09,0.4774,-1,-1,-1
686,159,661.77,572.86,50.94,128.45,0.4332,-1,-1,-1
687,167,481.96,507.50,32.01,80.53,0.4386,-1,-1,-1
687,159,667.57,573.88,62.07,135.94,0.2949,-1,-1,-1
688,167,486.79,506.03,29.97,80.70,0.3723,-1,-1,-1
688,159,664.76,573.28,93.86,140.87,0.3336,-1,-1,-1
689,159,668.27,569.19,106.73,147.43,0.4291,-1,-1,-1
690,159,679.76,565.17,110.68,151.01,0.4662,-1,-1,-1
690,167,495.78,502.47,27.64,82.17,0.4606,-1,-1,-1
691,159,694.83,565.35,111.74,152.54,0.5892,-1,-1,-1
691,171,652.68,475.23,20.06,49.81,0.3818,-1,-1,-1
691,167,500.68,504.13,26.50,80.50,0.3198,-1,-1,-1
692,159,714.20,568.98,105.92,149.45,0.4479,-1,-1,-1
692,171,658.70,475.68,17.74,48.18,0.3417,-1,-1,-1
692,167,507.79,501.49,26.92,81.79,0.5562,-1,-1,-1
693,159,754.48,572.38,80.89,147.00,0.5255,-1,-1,-1
693,171,666.45,475.76,19.95,47.52,0.3278,-1,-1,-1
693,167,511.06,497.72,31.97,86.80,0.3800,-1,-1,-1
694,159,772.24,580.07,82.11,143.31,0.4815,-1,-1,-1
694,171,672.16,476.75,19.74,51.03,0.3576,-1,-1,-1
694,167,512.83,499.33,35.05,88.08,0.4959,-1,-1,-1
695,159,789.59,584.70,81.18,146.40,0.3590,-1,-1,-1
695,171,677.37,476.94,20.02,53.01,0.4115,-1,-1,-1
695,167,517.03,500.63,33.80,87.93,0.5228,-1,-1,-1
696,159,803.75,582.37,86.31,150.72,0.1961,-1,-1,-1
696,171,680.81,473.58,21.27,55.43,0.2940,-1,-1,-1
696,167,526.37,500.91,32.13,83.83,0.4362,-1,-1,-1
697,167,529.29,503.67,32.33,82.83,0.4885,-1,-1,-1
698,167,533.22,501.35,32.14,87.31,0.4732,-1,-1,-1
698,171,693.91,476.76,19.78,53.29,0.3752,-1,-1,-1
699,167,535.43,500.50,33.90,89.59,0.3028,-1,-1,-1
699,171,699.52,476.92,20.42,53.46,0.4813,-1,-1,-1
699,159,842.84,583.66,95.38,157.86,0.5785,-1,-1,-1
700,167,537.43,502.16,35.33,92.09,0.5294,-1,-1,-1
700,171,702.97,479.55,20.16,52.78,0.4622,-1,-1,-1
700,159,854.84,584.59,102.06,159.31,0.5884,-1,-1,-1
701,167,543.29,504.24,33.56,91.09,0.4031,-1,-1,-1
701,171,707.82,478.60,19.80,54.00,0.1807,-1,-1,-1
701,159,878.96,589.50,94.98,158.35,0.4995,-1,-1,-1
702,167,549.68,506.09,33.24,88.13,0.3620,-1,-1,-1
702,171,717.15,478.21,19.07,54.26,0.4290,-1,-1,-1
702,159,918.06,596.48,74.74,155.51,0.5881,-1,-1,-1
703,167,554.23,504.67,32.42,89.84,0.5539,-1,-1,-1
703,171,721.93,474.48,21.01,58.57,0.4195,-1,-1,-1
703,159,947.65,602.72,62.97,154.84,0.5376,-1,-1,-1
704,167,555.61,509.10,34.00,91.13,0.5844,-1,-1,-1
704,171,725.57,477.07,21.02,60.11,0.3660,-1,-1,-1
704,159,958.33,610.88,69.98,154.94,0.6474,-1,-1,-1
705,167,555.04,508.57,38.81,93.68,0.5363,-1,-1,-1
705,171,727.94,476.42,21.12,60.05,0.4064,-1,-1,-1
705,159,976.73,612.61,68.24,155.67,0.6481,-1,-1,-1
706,167,560.90,510.30,35.54,93.57,0.6116,-1,-1,-1
706,171,736.41,482.82,22.54,55.54,0.3618,-1,-1,-1
706,159,987.58,616.72,76.24,158.41,0.7583,-1,-1,-1
707,167,563.61,513.21,34.43,95.07,0.6616,-1,-1,-1
707,171,739.64,487.76,22.20,52.93,0.3386,-1,-1,-1
707,159,997.39,615.18,86.32,165.73,0.7423,-1,-1,-1
708,167,566.62,517.81,33.45,95.76,0.6891,-1,-1,-1
708,171,742.94,490.78,21.85,52.69,0.3710,-1,-1,-1
708,159,1000.04,617.02,102.41,171.14,0.6746,-1,-1,-1
709,167,568.55,520.85,34.41,97.77,0.6430,-1,-1,-1
709,171,745.65,492.71,22.38,53.44,0.3624,-1,-1,-1
709,159,1005.80,611.81,118.63,177.12,0.7636,-1,-1,-1
710,167,573.60,528.85,33.86,92.94,0.6403,-1,-1,-1
710,171,749.32,500.76,20.71,53.03,0.3888,-1,-1,-1
710,159,1017.07,621.87,124.53,180.00,0.7748,-1,-1,-1
711,167,575.79,533.43,34.73,89.84,0.5305,-1,-1,-1
711,171,750.82,503.04,20.19,52.12,0.4168,-1,-1,-1
711,159,1041.69,619.78,121.77,177.72,0.7111,-1,-1,-1
712,167,575.94,536.66,36.31,92.38,0.7177,-1,-1,-1
712,171,755.09,506.42,26.96,52.54,0.3848,-1,-1,-1
712,159,1066.56,630.71,113.82,178.06,0.4789,-1,-1,-1
713,167,577.10,534.60,37.22,94.12,0.7372,-1,-1,-1
713,171,760.41,504.95,25.26,50.86,0.3481,-1,-1,-1
713,159,1111.93,629.92,87.85,172.12,0.5796,-1,-1,-1
714,167,578.58,544.28,37.92,97.58,0.6552,-1,-1,-1
714,171,761.84,511.64,22.66,52.42,0.4318,-1,-1,-1
714,159,1128.98,635.19,97.04,170.46,0.7374,-1,-1,-1
715,167,579.96,540.20,38.24,101.53,0.5902,-1,-1,-1
715,171,764.67,505.81,20.92,58.57,0.4276,-1,-1,-1
715,159,1142.11,635.78,99.05,173.30,0.7451,-1,-1,-1
716,167,580.89,543.50,38.38,101.52,0.5082,-1,-1,-1
716,171,767.92,504.16,23.10,60.38,0.4151,-1,-1,-1
716,159,1156.56,632.37,102.29,178.06,0.7684,-1,-1,-1
717,167,580.60,544.72,39.53,102.06,0.5572,-1,-1,-1
717,171,771.36,508.37,22.30,55.77,0.3222,-1,-1,-1
717,159,1173.05,631.09,103.91,183.27,0.7812,-1,-1,-1
718,167,583.71,551.58,37.02,98.78,0.4841,-1,-1,-1
718,171,773.05,509.67,23.06,55.60,0.3734,-1,-1,-1
718,159,1189.76,626.75,108.96,192.36,0.7914,-1,-1,-1
719,167,585.41,547.28,37.54,100.16,0.5349,-1,-1,-1
719,171,776.39,506.22,22.76,59.07,0.2542,-1,-1,-1
719,159,1209.38,632.32,109.77,194.49,0.6608,-1,-1,-1
720,167,585.32,552.17,39.36,101.62,0.5675,-1,-1,-1
720,171,780.32,509.04,26.79,59.08,0.2573,-1,-1,-1
720,159,1228.77,631.71,114.46,197.58,0.6718,-1,-1,-1
721,167,587.96,551.91,40.79,102.92,0.4913,-1,-1,-1
721,171,783.58,511.86,26.12,56.90,0.3473,-1,-1,-1
721,159,1257.14,635.46,103.32,180.92,0.4787,-1,-1,-1
722,167,591.28,553.51,38.89,102.94,0.5360,-1,-1,-1
722,171,785.85,515.60,24.24,53.28,0.3642,-1,-1,-1
722,159,1290.49,644.94,91.06,193.15,0.4726,-1,-1,-1
723,167,594.15,551.32,39.15,105.06,0.3706,-1,-1,-1
723,171,790.63,514.30,25.44,54.67,0.3732,-1,-1,-1
723,159,1311.60,653.62,98.89,194.34,0.4478,-1,-1,-1
724,167,594.72,562.75,38.24,103.86,0.4859,-1,-1,-1
724,171,793.07,524.30,24.28,53.72,0.3642,-1,-1,-1
724,159,1343.31,663.55,93.82,196.41,0.5486,-1,-1,-1
725,167,595.29,565.83,37.79,104.04,0.5707,-1,-1,-1
725,171,796.73,525.34,23.31,53.19,0.4732,-1,-1,-1
725,159,1370.48,664.02,92.66,203.12,0.7108,-1,-1,-1
726,167,597.57,565.26,37.25,103.71,0.5734,-1,-1,-1
726,171,800.37,522.27,21.56,55.97,0.3632,-1,-1,-1
726,159,1386.49,672.96,101.71,208.05,0.6203,-1,-1,-1
727,167,597.70,571.47,41.04,105.98,0.7153,-1,-1,-1
727,171,801.83,527.28,21.40,55.55,0.2900,-1,-1,-1
727,159,1424.60,672.89,85.34,184.15,0.4060,-1,-1,-1
728,167,598.45,568.88,42.12,106.39,0.6729,-1,-1,-1
728,171,811.14,525.67,21.65,57.28,0.3867,-1,-1,-1
728,159,1419.36,681.85,117.36,209.20,0.5803,-1,-1,-1
729,167,598.79,566.78,43.65,109.27,0.6381,-1,-1,-1
729,171,814.46,524.38,20.81,57.17,0.3840,-1,-1,-1
729,159,1434.16,680.86,131.90,218.73,0.7226,-1,-1,-1
730,167,599.01,570.38,45.37,111.19,0.5670,-1,-1,-1
730,171,817.07,525.52,21.06,59.10,0.3511,-1,-1,-1
730,159,1496.31,688.17,100.34,225.00,0.4556,-1,-1,-1
731,167,600.39,565.11,46.88,115.00,0.6680,-1,-1,-1
731,171,819.03,524.21,22.34,59.35,0.4067,-1,-1,-1
731,159,1496.54,696.50,126.93,231.51,0.1730,-1,-1,-1
732,167,601.15,565.18,47.09,116.67,0.6757,-1,-1,-1
732,171,820.08,525.31,22.80,58.15,0.4915,-1,-1,-1
732,159,1546.30,701.34,100.82,231.52,0.5054,-1,-1,-1
733,167,602.30,567.10,46.85,116.07,0.6499,-1,-1,-1
733,171,821.38,522.94,23.87,60.03,0.5295,-1,-1,-1
733,159,1584.98,704.61,92.79,230.15,0.7019,-1,-1,-1
734,167,602.70,560.29,46.99,120.47,0.6868,-1,-1,-1
734,171,824.51,524.32,21.52,54.81,0.4011,-1,-1,-1
734,159,1597.77,708.43,108.38,231.97,0.6281,-1,-1,-1
735,167,602.27,562.40,47.65,121.78,0.6948,-1,-1,-1
735,171,824.75,526.33,23.02,52.31,0.2863,-1,-1,-1
735,159,1614.58,704.34,120.36,234.20,0.7441,-1,-1,-1
735,173,837.60,527.89,23.92,51.77,0.3768,-1,-1,-1
736,167,606.03,559.02,45.83,122.22,0.6750,-1,-1,-1
736,171,831.76,523.95,22.97,52.02,0.3822,-1,-1,-1
736,159,1631.75,705.00,132.00,245.33,0.7151,-1,-1,-1
736,173,835.68,524.63,23.25,52.13,0.3822,-1,-1,-1
737,167,606.91,560.53,46.15,122.34,0.6584,-1,-1,-1
737,171,834.42,523.25,24.11,52.65,0.3775,-1,-1,-1
737,159,1657.33,696.84,134.73,258.65,0.7946,-1,-1,-1
737,173,834.89,523.49,24.29,53.03,0.3775,-1,-1,-1
738,167,606.57,562.97,47.68,123.01,0.6593,-1,-1,-1
738,171,836.43,525.65,23.02,52.77,0.3541,-1,-1,-1
738,159,1684.85,705.39,139.08,263.67,0.7550,-1,-1,-1
738,173,835.93,525.66,22.94,53.16,0.3541,-1,-1,-1
739,167,606.82,564.31,49.22,123.79,0.6562,-1,-1,-1
739,171,839.20,524.80,22.64,54.40,0.3574,-1,-1,-1
739,159,1712.75,716.83,150.30,262.39,0.7532,-1,-1,-1
739,173,838.65,524.71,22.52,54.87,0.3574,-1,-1,-1
740,167,607.07,566.54,49.53,123.79,0.6847,-1,-1,-1
740,171,840.37,524.38,22.32,56.08,0.4218,-1,-1,-1
740,159,1741.95,732.28,148.90,254.84,0.7464,-1,-1,-1
740,173,839.84,524.25,22.19,56.56,0.4218,-1,-1,-1
741,167,607.99,568.64,49.35,124.24,0.6776,-1,-1,-1
741,171,842.35,526.82,22.60,55.60,0.4783,-1,-1,-1
741,159,1778.34,732.79,141.20,263.62,0.5816,-1,-1,-1
741,173,841.84,526.73,22.52,55.99,0.4783,-1,-1,-1
742,167,608.78,570.36,48.15,123.83,0.6455,-1,-1,-1
742,171,843.08,528.17,22.48,56.10,0.5105,-1,-1,-1
742,159,1822.45,749.13,106.55,258.76,0.4326,-1,-1,-1
742,173,842.60,528.09,22.40,56.43,0.5105,-1,-1,-1
743,167,607.39,571.41,50.84,125.24,0.6303,-1,-1,-1
743,171,844.18,528.91,22.24,55.44,0.4494,-1,-1,-1
743,173,843.78,528.86,22.17,55.71,0.4494,-1,-1,-1
744,167,605.81,571.66,51.04,126.97,0.6293,-1,-1,-1
744,171,844.59,528.68,21.99,55.83,0.4811,-1,-1,-1
744,173,844.25,528.63,21.93,56.06,0.4811,-1,-1,-1
745,167,604.29,573.21,52.37,128.55,0.6668,-1,-1,-1
745,171,844.47,526.37,22.23,59.61,0.4982,-1,-1,-1
745,173,844.18,526.31,22.19,59.85,0.4982,-1,-1,-1
746,167,603.12,573.84,51.37,130.38,0.6264,-1,-1,-1
746,171,844.27,525.40,22.95,62.47,0.5172,-1,-1,-1
746,173,844.01,525.32,22.92,62.71,0.5172,-1,-1,-1
747,167,603.07,574.94,51.28,132.33,0.6538,-1,-1,-1
747,171,844.49,524.93,23.82,63.87,0.5047,-1,-1,-1
747,173,844.25,524.86,23.80,64.09,0.5047,-1,-1,-1
748,167,602.86,575.18,51.38,133.35,0.6733,-1,-1,-1
748,171,846.24,527.09,23.40,61.67,0.2893,-1,-1,-1
749,167,602.77,576.76,51.35,132.30,0.6753,-1,-1,-1
749,171,846.89,527.59,22.66,61.12,0.3386,-1,-1,-1
750,167,602.29,578.72,51.48,130.77,0.6232,-1,-1,-1
750,171,848.29,528.28,22.50,58.35,0.3369,-1,-1,-1
